cod,razao,fantasia,endereco,numero,bairro,cidade,uf,vendedores,lat,lng,precisao
13,JOAO BATISTA LAVERSA,MERC.LAVERSA,AV.JOSE EDUARDO DE SOUZA,229,CENTRO,JACUI,MG,7;8;79;168,-21.0169567,-46.7458301,cidade
20,JOSE RONALDO DE LIMA ME,JOSE RONALDO,R.ANTONIO ANACLETO REZENDE,170,CENTRO,ALPINOPOLIS,MG,3;37;100;161,-20.8636898,-46.3920056,rua
32,J.A. FIGUEIREDO & CIA LTDA - ME,BAR MERC.JAF,RUA GABRIEL RODRIGUES DE CARVALHO,221,DOM BOSCO,POCOS DE CALDAS,MG,6;24;120,-21.7986711,-46.5348297,rua
33,JOAO GUALBERTO DE OLIVEIRA - ME,SM.DAVI,RUA DR.AVELINO DE QUEIROZ,32,CENTRO,PIUMHI,MG,13;57;166,-20.4675258,-45.9576125,cidade
58,CLEONICE BERTOLINO ME,CLEONICE BERTOLINO ME,RUA UMBELINA CANDIDA,179,CENTRO,CARMO DO RIO CLARO,MG,3;37;100;161,-20.9738137,-46.1153547,rua
59,SUPERMERCADO BOM JESUS DA PENHA LTDA,SUPERMERCADO BOM JESUS DA PENH,R.CEL.ANTONIO D.RIBEIRO,355,CENTRO,BOM JESUS DA PENHA,MG,10;42;86;172,-21.0178774,-46.5213848,cidade
64,SANTA BARBARA ATACADO E VAREJO LTDA,MERC.STA BARBARA,AVENIDA TEREZINHA FADUL,418,STA BARBARA,PRATAPOLIS,MG,118;173;174;175,-20.7388671,-46.8519165,rua
68,GILMAR JANUARIO FREIRE ME,SM.PAG POKO,R.BAHIA,307,MUNDO NOVO,ALPINOPOLIS,MG,3;37;100;161,-20.8557182,-46.3861501,rua
73,THIAGO & OLIVEIRA LTDA,PANIFICADORA PAO NOSSO,TRV LEMOS,30,CENTRO,PRATAPOLIS,MG,118;173;174;175,-20.7434452,-46.8605877,rua
76,COMERCIAL S.V. LTDA  LJ 01,SM.SUPER VALE,R.GAMA CRUZ,25,VILA CRUZ,POCOS DE CALDAS,MG,4;5;75;120;125;171,-21.7824309,-46.5864605,rua
80,SM.IRMAOS ALMEIDA CENTRO LTDA,SM.I.ALMEIDA,R.PARAIBA,805/813,CENTRO,POCOS DE CALDAS,MG,4;5;75;120;125;171,-21.7830998,-46.5683885,rua
101,TERRA SUPERMERCADO LTDA,TERRA SUPERMERCADO,RUA ABILIO NARCISO PEREIRA,129,JD.SAO PAULO,POCOS DE CALDAS,MG,6;24;120,-21.7900318,-46.5647928,cidade
105,MERCEARIA NAVARRO LTDA ME,MERC.PEBINHA,R.DR.JOAO PEREIRA DIAS,547,JD.RENOVACAO,GUARANESIA,MG,10;42;86;172,-21.3139805,-46.791747,rua
107,SODRE MIGUEL LTDA LJ 01,SAN MICHEL,R.PERNAMBUCO,1000,CENTRO,POCOS DE CALDAS,MG,4;5;75;120;125;171;910,-21.7844191,-46.5668388,rua
110,SM.IRMAOS ALMEIDA LTDA,SM.ALMEIDA,R.CAP.AFONSO JUNQUEIRA,562,CENTRO,POCOS DE CALDAS,MG,4;5;75;120;171,-21.7946717,-46.5685201,rua
114,SM.ALMEIDA COUNTRY CLUBE LTDA,SM.ALMEIDA COUNTRY CLUBE LTDA,R.MANOEL SANTOS MARTINS,369,J.COUNTRY CLUB,POCOS DE CALDAS,MG,6;24;120,-21.7882884,-46.5974434,rua
124,ISMAEL MERLI E CIA LTDA,FRIMINAS,AV.ANTONIO TOGNI,2035,VILA CRUZ,POCOS DE CALDAS,MG,6;24;120,-21.7797201,-46.6022694,rua
130,SUPERMERCADO 2 R SOCIEDADE LTDA,ZE MARIA,R.DR.ARY BASTOS SIQUEIRA,459,CENTRO,ITAU DE MINAS,MG,118;173;174;175,-20.745022,-46.7536771,rua
134,JOSE RICARDO GERALDO,SM.ECONOMICO,AV.CHAMPAGNAT,1601,CENTRO,POCOS DE CALDAS,MG,6;24;120,-21.7825469,-46.585584,rua
135,SM.BARZALI LTDA,BARZALI,R.ANTONIO TOGNI,2520,JD.AMERICA,POCOS DE CALDAS,MG,6;24;120,-21.7886685,-46.5737664,rua
139,PEG PAG TAVARES LTDA,PEG PAG TAVARES LTDA,R.CONGONHAS,34,J.SAO PAULO,POCOS DE CALDAS,MG,4;5;75;171,-21.7921124,-46.5527368,rua
145,SM.BALEIA AZUL LTDA,SM.BALEIA AZUL,DINA ALVES MIGLIORANZI,86,SAO JOSE,POCOS DE CALDAS,MG,4;5;75;171,-21.8095684,-46.5697918,rua
152,MAURICIO VICENTE CAIXETA & FILHOS LTDA. - ME,MAURICIO VICENTE CAIXETA & FIL,RUA RECORDACOES,479,SANTO ANDRE,POCOS DE CALDAS,MG,4;5;75;171,-21.7930474,-46.5448073,rua
154,SUPERMERCADO ARCO IRIS LTDA,SM.ARCO IRIS,R.PAISSANDU,275,DOM BOSCO,POCOS DE CALDAS,MG,6;24;120,-21.7971552,-46.5371972,rua
155,COMERCIAL COLOMBO E MELO LTDA,PEG PAG COLOMBO,R.CEL.VIRGILIO SILVA,2977,DOM BOSCO,POCOS DE CALDAS,MG,6;24;120,-21.7885042,-46.5448767,rua
156,THEZOLIN E LUIZ LTDA,SM.S.LUIZ,R.GUAICURUS,299,TOGNI,POCOS DE CALDAS,MG,6;24;120,-21.7842121,-46.602658,rua
160,COMERCIAL CARFILHOS DE POCOS LTDA,N.VIDA,RUA CORONEL VIRGILIO SILVA,2865,DOM BOSCO,POCOS DE CALDAS,MG,6;24;120,-21.7885042,-46.5448767,rua
173,VAREJAO AVENIDA CENTER LTDA,VAREJAO AVENIDA,AV.OSCAR ORNELAS,276,CENTRO,CABO VERDE,MG,110;112;113,-21.4738559,-46.3961705,rua
184,SM.IDEAL LTDA,SM.IDEAL LTDA,AV.MAJOR ANTONIO A.FERNANDES,560,CENTRO,BOTELHOS,MG,6;24;120,-21.6448721,-46.3953787,rua
185,HELIO MORAES MENDES ME,MERC.DO HELIO,PC.SANTA EFIGENIA,134,SANTA EFIGENIA,ALPINOPOLIS,MG,3;37;100;161,-20.869386,-46.39417,rua
186,SOCIEDADE CENTRAL LTDA,SOCIEDADE CENTRAL LTDA,AV.MAJOR ANTONIO A.FERNANDES,108,CENTRO,BOTELHOS,MG,6;24;120,-21.6448944,-46.3954838,rua
194,SUPERMERCADO AVELINO & FRANCO LTDA ME,SUPERMERCADO AVELINO & FRANCO,R.CEL.JOSE GUILHERME,18,CENTRO,CAMPESTRE,MG,6;24;120,-21.7127119,-46.2418227,rua
195,VAREJAO S.B.LTDA,VAREJAO S.B.LTDA,R.MATHEUS AP.DE SOUZA,61,CENTRO,CAMPESTRE,MG,6;24;120,-21.7160295,-46.2329619,cidade
196,MARCIO MORAES DA SILVA,EMPORIO SILVA,R.JOAQUIM ALVES,415,JD.AFONSO,CAMPESTRE,MG,6;24;120,-21.699327,-46.2590731,rua
200,EMPORIO SANTISTA LTDA - ME,EMPORIO SANTISTA LTDA - ME,PC.NOSSA SENHORA APARECIDA,118,CENTRO,CAMPESTRE,MG,6;24;120,-21.7144667,-46.240768,rua
205,SM.CARVALHO E FERREIRA LTDA,SM.CARVALHO E FERREIRA LTDA,R.CEL.JOSE GUILHERME,120,CENTRO,CAMPESTRE,MG,6;24;120,-21.7127119,-46.2418227,rua
206,COM.PEREIRA RONCHINI E DIAS LTDA,SM.UNIAO,PC.DELFIM MOREIRA,92,CENTRO,CAMPESTRE,MG,6;24;120,-21.7160295,-46.2329619,cidade
207,JAIRO VICTOR MOREIRA JUNIOR,JAIRO VICTOR MOREIRA JUNIOR,PC.DELFIM MOREIRA,31,CENTRO,CAMPESTRE,MG,6;24;120,-21.7160295,-46.2329619,cidade
222,SIRLENE DE MATTOS CAIXETA ME,SIRLENE DE MATTOS CAIXETA ME,R.JOSE PAVESSE,160,JD.YPE,POCOS DE CALDAS,MG,6;24;120,-21.7900318,-46.5647928,cidade
224,PADARIA MODERNA LTDA,PADARIA MODERNA LTDA,R.JOAO PESSOA,154,CENTRO,MUZAMBINHO,MG,110;112;113,-21.3667648,-46.5220339,rua
233,SUPERMERCADO BIANCHI LTDA,COM.BERTINHO,R.PEDRO J.VENANCIO DE ANDRADE,707,CENTRO,DELFINOPOLIS,MG,118;173;174;175,-20.344749,-46.8546425,cidade
246,ARMAZEM JBC LTDA,ARM.BERTELOT,RUA GETULIO VARGAS,1185,CENTRO,PIUMHI,MG,13;57;166,-20.4720285,-45.9587379,rua
273,ROSA CRISTINA F.P.DA SILVA,KI-BARATO I,R.BARAO DO RIO BRANCO,1229,CENTRO,PASSOS,MG,12;22;45;65,-20.7246862,-46.6059289,rua
276,SUPERMERCADOS CERGRAN LTDA,SM.IRAM,AV.LIQUINHA DA SILVEIRA,220,COHAB I,PASSOS,MG,12;22;45;65,-20.700178,-46.6163054,rua
277,ARQUELAU ARANTES DE ANDRADE & CIA LTDA ME,SUP.LAV,RUA SACRAMENTO,87,COHAB II,PASSOS,MG,12;22;45;65,-20.7092679,-46.6277554,rua
278,SUPERMERCADO SAO JERONIMO EIRELI,SM.S.JERONIMO,AV.J.K,327,COLEGIO DE PASSOS,PASSOS,MG,12;22;45;65,-20.7167803,-46.6156864,cidade
282,SM.LEDROS LTDA EPP,REAL II,R.CEARA,566,BELA VISTA,PASSOS,MG,12;22;45;65,-20.7185657,-46.5985059,rua
297,JOAQUIM OLIVEIRA FILHO,MERC.ALCINA,AV.DA PENHA,338,PENHA,PASSOS,MG,1;12;22;45;65,-20.7161118,-46.6236248,rua
299,EXPEDITO RIBEIRO DA SILVEIRA,EXPEDITO RIBEIRO DA SILVEIRA,R.11 DE DEZEMBRO,379,SAO FRANCISCO,PASSOS,MG,12;22;45;65,-20.7198537,-46.6148539,rua
312,SUPERMERCADO DO ZICO LTDA,SM.ZICO,AV.ANTONIO RODRIGUES DA SILVEIRA,85,VILA FORMOSA,SAO SEBASTIAO DO PARAISO,MG,7;8;79;119;168,-20.917973,-46.9767032,rua
316,MERCADO CENTRAL LTDA ME,MERCADO CENTRAL,R.TIRADENTES,609,CENTRO,SAO SEBASTIAO DO PARAISO,MG,7;8;79;168,-20.9160787,-47.1572095,rua
323,PAULO ARAUJO E CIA LTDA,MERCADO ARAUJO,AV.BRASIL,143,VILA HELENA,SAO SEBASTIAO DO PARAISO,MG,7;8;79;168,-20.9030285,-47.0018634,rua
325,DADA SUPERMERCADO LTDA,MERCADO DADA,AV.OLIVEIRA REZENDE,500,BRAZ,SAO SEBASTIAO DO PARAISO,MG,7;8;79;119;168,-20.9146543,-46.998551,rua
344,JARBAS CORREA FILHO & CIA LTDA.,SM.S.JOAO-MAT,AV.DONA FLORIANA,1850,JD.AVIACAO,GUAXUPE,MG,10;42;86;119;172;949;950,-21.303563,-46.7240834,rua
345,JARBAS CORREA FILHO & CIA LTDA.,SM.S.JOAO F.1,R.MANCINI,27,CENTRO,GUAXUPE,MG,10;42;86;119;172,-21.3024373,-46.7078737,rua
355,LUIZ TONIN ATAC E SUPERMERCADOS S.A LJ 05,SM.TONIN,AV.CONDE R.DO VALE,1171,CENTRO,GUAXUPE,MG,10;42;86;119;172;949;950,-21.3087615,-46.7190609,cidade
356,ANTONIO ALVES DA SILVA,MINI.MERC.SILVA,R CEL JUVENTINO DIAS,1034,CENTRO,ITAU DE MINAS,MG,118;173;174;175,-20.739722,-46.752222,cidade
360,HOMERO JULIAO ALVES,SM.HOMERO,R.DR.JOSE BALBINO,553,CENTRO,ITAU DE MINAS,MG,118;173;174;175,-20.7393836,-46.7506125,rua
365,GERALDO NASSIF ALVES,SM.NASSIF,RUA CORONEL JUVENTINO DIAS,1126,CENTRO,ITAU DE MINAS,MG,118;173;174;175,-20.739722,-46.752222,cidade
370,LOPES ANTUNES CIA LTDA,LOPES ANTUNES CIA LTDA,R.MAJOR FCO DIAS,186,CENTRO,GUARANESIA,MG,10;42;86;172,-21.3024827,-46.7956962,cidade
391,SM.FERREIRA FROTA LTDA EPP,SM.ARAGAO,R.ILDEFONSO DEL BIANCO,301,PATRIMONIO,CASSIA,MG,118;173;174;175,-20.5837538,-46.9219923,cidade
393,AMCEL COMERCIAL LTDA,AMCEL COMERCIAL LTDA,RUA MAJOR JOAO BATISTA,265,CENTRO,ARCEBURGO,MG,10;42;86;172,-21.3641371,-46.9375719,rua
407,SM.PELLEGRINO LTDA,SM.PELLEGRINO,R.GALDINO CARDEAL DA COSTA,954,VILA NOVA,ITAMOGI,MG,7;8;79;168,-21.0767144,-47.0520291,rua
409,SM.GOIANO LTDA,SM.GOIANO LTDA,AV.VALDOMIRO MAGALHAES,288,CENTRO,ITAMOGI,MG,7;8;79;168,-21.0793213,-47.048612,cidade
413,SUPERMERCADO FLORENCIO LTDA  ME,SM.FLORENCIO,RUA BELO HORIZONTE,1445,SAO BENEDITO,ALPINOPOLIS,MG,3;37;100;161,-20.8618527,-46.3907492,rua
415,SUPERMERCADO SAO JERONIMO EIRELI,SM.S.JERONIMO,AV.GOV.VALADARES,651,CENTRO,ALPINOPOLIS,MG,3;37;100;161,-20.863611,-46.387777,cidade
416,MURADAS LTDA,MURADAS LTDA,R.GUAPE,513,FURNAS,FURNAS,MG,3;37;100;161,-20.6856284,-46.3360342,rua
424,LUIZ TONIN ATAC E SUPERMERCADOS S.A LJ04,LUIZ TONIN ATAC E SUPERMERCADO,R.ANTENOR CARVALHAES,288,CENTRO,MONTE SANTO DE MINAS,MG,7;8;79;119;168,-21.1909954,-46.9753621,rua
427,SUPERMERCADO MARLI SOUZA E COSTA LTDA - ME,SM.MINI PRECO,R.DONA MARIANA UBALDINA,215,CENTRO,CAPETINGA,MG,118;173;174;175,-20.6204447,-47.0582748,rua
453,SUPERMERCADO SANTA EDWIRGES- LTDA,SM.STA EDWIRGES,R.BALBINO SOARES,95,CENTRO,ARCEBURGO,MG,10;42;86;172,-21.36351,-46.9401266,rua
494,MINI MERC.CABANA LTDA,MERC.CABANA,R.JOAQUIM LOPOES,524,PENHA,PASSOS,MG,12;22;45;65,-20.7167803,-46.6156864,cidade
597,LATARINI E PERES LTDA  LOJA 01,SM.SERRA AZUL,PC.CEL.VENTURELLI,38,CENTRO,ANDRADAS,MG,96;106;135,-22.0688884,-46.5701514,rua
598,HAMILTON MENDES,ARMAZEM VILA NOVA,AV.SOLAM RIBEIRO,48,VILA CARACOL,ANDRADAS,MG,96;106;135,-22.0693412,-46.5707584,cidade
611,MAURICIO CASTRO TOMAZ,MINI M.S.JOAO,R.DOS SILVEIRAS,53,CENTRO,JURUAIA,MG,110;112;113,-21.2548685,-46.5781176,rua
621,SUPERMERCADO SANTOS LTDA - EPP,SUPERMERCADO SANTOS LTDA - EPP,R.7 DE SETEMBRO,417,CENTRO,CONCEICAO DA APARECIDA,MG,3;37;100;161,-21.094166,-46.204444,cidade
632,ANTONINHO ATACADO E VAREJO LTDA,SM.ANTONINHO,R.PEDRO PAULINO DA COSTA,528,CENTRO,MONTE SANTO DE MINAS,MG,7;8;79;119;168,-21.1908631,-46.9783884,rua
643,SONIA MARIA DOS SANTOS,SONIA MARIA DOS SANTOS,R.CALDASITA,285,JD.KENNEDY,POCOS DE CALDAS,MG,6;24;120,-21.8499906,-46.576527,rua
668,MARIANGELA VIEIRA E CIA LTDA  EPP,PEG PAG VIEIRA,R.CEL VIRGILIO SILVA,1430,SANTA EMILIA,POCOS DE CALDAS,MG,4;5;75;171,-21.7885042,-46.5448767,rua
684,SUPERMERCADOS MAGALHAES LTDA - EPP,SUPERMERCADOS MAGALHAES LTDA -,"AV.OSCAR ORNELAS , 27 A",,CENTRO,CABO VERDE,MG,110;112;113,-21.4738559,-46.3961705,rua
703,FRANCISCO SABOIA DA FROTA,MERC.STA RITA,R.DELFINOPOLIS,180,SANTA RITA,CASSIA,MG,118;173;174;175,-20.5866368,-46.9276371,rua
704,BUTEKAO N.S.PENHA LTDA,BUTEKAO,AV.BRASIL,295,PENHA,PASSOS,MG,12;22;45;65,-20.7158567,-46.6169251,rua
725,MERCADO BRUMAR LTDA EPP,MERC.BRUMAR,AV.JOAQUIM J.CARDOSO,201,CRISTO REI,SAO SEBASTIAO DO PARAISO,MG,7;8;79;168,-20.9124331,-46.9823296,cidade
743,ELISANGELA ARAUJO DE LIMA MENDES E CIA LTDA,ELISANGELA ARAUJO DE LIMA ME,R.ALTEROSA,332,CENTRO,CAVACOS,MG,3;37;100;161,-21.1598708,-46.1006583,rua
746,P. SEVERINI NETTO COMERCIAL LTDA,P.SEVERINI NETTO COMERCIAL LTD,RUA CAETANO PETERLE,171,JARDIM COUNTRY CLUB,POCOS DE CALDAS,MG,4;5;75;171,-21.7900318,-46.5647928,cidade
748,CELIO FERNANDES DE ANDRADE,MER.GUANABARA,RUA GUANABARA,1535,JARDIM HARMONIA,PASSOS,MG,12;22;45;65,-20.7076893,-46.598607,rua
757,PEDRO MARCELINO,SM.S.PEDRO,R.JOSE SILVEIRA DE CASTRO,257,CENTRO,NOVA RESENDE,MG,10;42;86;172,-21.1263862,-46.424537,cidade
760,BRUNO WYCHNIAUSKAS FILHO,PAD.SORV.BRUNO,AV.OSCAR ORNELAS,299,CENTRO,CABO VERDE,MG,110;112;113,-21.4738559,-46.3961705,rua
768,ROSA HELENA BRESSAN FRAIOLI,ROSA HELENA BRESSAN FRAIOLI,PRACA NOSSA SENHORA DOS MILAGRES,889,CENTRO,MILAGRE,MG,10;42;86;172,-21.3059401,-47.0125674,rua
797,ART PAO DOCES E LANCHONETE LTDA,AFRT PAO DOCES,R.PERU,64,CENTRO,POCOS DE CALDAS,MG,6;24;120,-21.7971617,-46.5669525,rua
869,IRMAOS LIMA LTDA,IRMAOS LIMA LTDA,R.BARAO DO CARMO,45,CENTRO,CONCEICAO DA APARECIDA,MG,3;37;100;161,-21.0956516,-46.2044177,rua
913,VITOR TAVARES VANELI,VITOR TAVARES VANELI,R.SAO PAULO,150,CENTRO,ILICINEA,MG,3;37;100;161,-20.9411778,-45.8247827,rua
922,JOAO ROSA DOS SANTOS - ME,JOAO ROSA DOS SANTOS ME,GOIAS,800,JD COLEGIO DE PASSOS,PASSOS,MG,12;22;45;65,-20.716735,-46.595845,rua
932,FIDELIS DE ANDRADE & CIA LTDA,COM.FIDELIS,RUA DOS ADVOGADOS,1045,CAMPO VERDE,IBIRACI,MG,118;173;174;175,-20.4607267,-47.1185052,rua
933,JOSE EURIPEDES DOS SANTOS,MERC.IDEAL,R.VALDOMIRO MAGALHAES,287,ROSARIO,IBIRACI,MG,118;173;174;175,-20.4672784,-47.1240738,rua
935,SUPERMERCADO VARANDA LTDA,SM.VARANDA,R.MINAS GERAIS,66,CENTRO,IBIRACI,MG,118;173;174;175,-20.464095,-47.1261811,rua
936,NORBERTO ANDRADE E CIA LTDA,SM.SERVE BEM,R.SEIS DE ABRIL,864,CENTRO,IBIRACI,MG,118;173;174;175,-20.4645642,-47.1299859,rua
937,RAQUEL APARECIDA HAKIME & CIA LTDA,SM.HAKIME,R.SEIS DE ABRIL,1283,CENTRO,IBIRACI,MG,118;173;174;175,-20.4645642,-47.1299859,rua
1002,SUPERMERCADO VILA RICA LTDA ME,SUPERMERCADO VILA RICA II,"PC.JOAO PEDRO BONELLI , 128 A",,PARANAZINHO,MONTE BELO,MG,110;112;113;119,-21.3225052,-46.3649768,cidade
1048,ALESANDRA APARECIDA BOCOLI ME,ALESANDRA APARECIDA BOCOLI ME,"R. AFONSO PENA , 558 A",,CENTRO,MUZAMBINHO,MG,110;112;113,-21.3684325,-46.522317,cidade
1057,PANIFICADORA SAO JOSE - DEMETRIUS LTDA,PANIFICADORA SAO JOSE - DEMETR,RUA CEL CHICO JULIO,262,CENTRO,CAPETINGA,MG,118;173;174;175;901,-20.6165982,-47.0579908,rua
1069,FERNANDES TERRA SUPERMERCADO LTDA,FERNANDES TERRA SUPERMERCADO L,R.MATO GROSSO DO SUL,55,JD.SAO PAULO,POCOS DE CALDAS,MG,6;24;120,-21.7921011,-46.5543493,rua
1082,MERC.MUZAMBINHO LTDA,MERC.MUZAMBINHO/PAINEIRAS SM,R.MERRY,367,JD.PAINEIRAS,MUZAMBINHO,MG,110;112;113,-21.3627646,-46.5231942,rua
1089,COM.MODENA LTDA,SAMAMBAIA SM.,R.ERASMO TRIELE,257,V.SAMAMBAIA,ANDRADAS,MG,96;106;135,-22.0693412,-46.5707584,cidade
1094,OSMAR LUIS FERREIRA,MERC.OSVALDINHO,R.CEL MELO SANTOS,488,CENTRO,DELFINOPOLIS,MG,118;173;174;175,-20.3466112,-46.8589934,rua
1101,JOSE ROBERTO VILAS BOAS,CASA VILAS BOAS,R MARECHAL DEODORO,127,CENTRO,POCOS DE CALDAS,MG,125,-21.7858509,-46.5661483,rua
1107,SM.SILVEIRA E SILVA LTDA,SM.SILVEIRA E SILVA LTDA,R.VITORIA,15,CENTRO,BOM JESUS DA PENHA,MG,10;42;86;172,-21.0163364,-46.5241915,rua
1114,ANTONIO CARLOS DE LIMA & CIA LTDA,ANTONIO CARLOS DE LIMA & CIA L,R.QUINTINO BOCAIUVA,10,CENTRO,JACUI,MG,7;8;79;168,-21.0157757,-46.7428286,rua
1116,MELO & MORAES LTDA,MELO & MORAES LTDA,R.BARAO DO RIO BRANCO,345,CENTRO,JACUI,MG,7;8;79;168,-21.0170393,-46.7426074,rua
1128,CASA TERRA LTDA,CASA TERRA LTDA,R.RAUL SOARES,472,CENTRO,PIUMHI,MG,13;57;166,-20.4746012,-45.9598717,rua
1133,SUPERMERCADO IRMAOS DUARTE LTDA - EPP,SM.IRMAO DUARTE,R.CARDEAL CARMELO,976,CENTRO,GUARANESIA,MG,10;42;86;119;172,-21.3009991,-46.8039572,rua
1135,SUPERMERCADO SILVA TOME LTDA,SUPERMERCADO SILVA TOME,R.JOAO SILVA,264,CENTRO,NOVA RESENDE,MG,10;42;86;172,-21.1170382,-46.4159901,rua
1145,MARQUINHO SUPERMERCADO LTDA ME,MARQUINHO SUPERMERCADO LTDA ME,RUA JOAQUIM JOSE CARDOSO,371,JD DONA AUGUSTA,SAO SEBASTIAO DO PARAISO,MG,7;8;79;168,-20.9033093,-46.9791891,rua
1152,MERCADO REIS & PADUA LTDA EPP,MERCADO REIS,AV.CENTRAL,676,JARDIM PLANALTO,SAO SEBASTIAO DO PARAISO,MG,7;8;79;168,-20.9164647,-46.9672985,rua
1163,SUPERMERCADO REZENDE & CIA LTDA,SM.REZENDE,R.IRMAOS CASTRO,445,CENTRO,JURUAIA,MG,110;112;113,-21.2554636,-46.5739946,rua
1164,ANTONIO C.MARQUES & CIA LTDA,MERC.STO ANTONIO,R.JAIRO DOMINGOS SIQUEIRA,117,CENTRO,JURUAIA,MG,110;112;113,-21.252778,-46.577223,cidade
1171,CAETANO & SOUZA LTDA ME,SM.SOUZA,R.MARIA AMELIA CONCEICAO,117,CENTRO,ANDRADAS,MG,96;106;135,-22.0691223,-46.5722284,rua
1177,CASA DE CARNES E FRIOS LTDA,SUP.SILVA,R.DR.AVELINO DE QUEIROZ,429,CENTRO,CAPITOLIO,MG,13;57;166,-20.6112346,-46.0557503,rua
1181,COMERCIAL GONCALVES SOARES LTDA,CASA GONCALVES,RUA SAO SEBASTIAO,304,CENTRO,CAPITOLIO,MG,13;57;166,-20.6149944,-46.0559986,rua
1183,SM.CAPITOLIO LTDA,SM.CAPITOLIO LTDA,R.DR.AVELINO DE QUEIROZ,344,CENTRO,CAPITOLIO,MG,13;57;166,-20.6112346,-46.0557503,rua
1194,PRADO SUPERMERCADO LTDA. - EPP,PRADO SUPERMERCADO LTDA. - EPP,RUA MANOEL EUGENIO DOS SANTOS,08,JARDIM ITAMARATY I,POCOS DE CALDAS,MG,6;24;120,-21.813847,-46.4977482,rua
1196,NORIVAL PASTRE & CIA LTDA,SM.PASTRE,R.DELFIM MOREIRA,256,CENTRO,ANDRADAS,MG,96;106;135,-22.0756199,-46.5739411,rua
1204,ZIGOMAR EURIPEDES CINTRA ME,PANIF.PAO DE MEL,PC.FRANCISCO GARCIA LOPES,282,CENTRO,CLARAVAL,MG,118;173;174;175,-20.4026712,-47.2846794,rua
1205,BERNARDO ANTONIO SALOMAO E CIA LTDA,SM.S.SEBASTIAO,R.MINAS GERAIS,897,CENTRO,CLARAVAL,MG,118;173;174;175,-20.4027873,-47.2849112,rua
1218,ROGERIO FRANCISCO FERNANDES LTDA,MERCADO VENEZA,R.SILVIO GIUBILEI,121,CJ HAB VENEZA,SAO SEBASTIAO DO PARAISO,MG,7;8;79;168,-20.8996672,-47.0064934,rua
1224,SUPERMERCADO ECONOMICO LTDA - EPP,SM.ECONOMICO,AV.SERGIO PAULA DIAS,28,CENTRO,BOTELHOS,MG,6;24;120,-21.6500058,-46.3947355,cidade
1236,JOAO FRANCISCO LEAL,JOAO FRANCISCO LEAL,R.JUNIO AUGUSTO AMARANTE,266,CAMPOS ELISEOS,POCOS DE CALDAS,MG,6;24;120,-21.7984613,-46.506759,rua
1238,SEBASTIAO PEREIRA LIMA SUPERMERCADO LTDA,SM.CONFIANCA,R.MONTE BELO,23,CRUZEIRO,ALTEROSA,MG,3;37;100;161,-21.2602519,-46.1479267,rua
1289,MERCEARIA PEDRO PAULO PANISSA FRANCO LTDA.,MERCEARIA RENATA,AV HUMBERTO DE ALMEIDA,600,SAO JOSE,CASSIA,MG,118;173;174;175,-20.5976951,-46.9133871,rua
1292,SUPERMERCADO M E R LTDA - ME,CASA MARQUES,RUA RAFAEL GONCALVES TOME,14,CENTRO,PIUMHI,MG,13;57;166,-20.4675258,-45.9576125,cidade
1294,ALAOR MESSIAS MARQUES & CIA LTDA,ARM.MARQUES,R.SANTO ANTONIO,662,CENTRO,PIUMHI,MG,13;57;166,-20.4742804,-45.9619617,rua
1295,ANTONIO EUSTAQUIO DA SILVA,ANTONIO EUSTAQUIO DA SILVA,R.ARTHUR RODRIGUES COSTA,420,CENTRO,PIUMHI,MG,13;57;166,-20.4675258,-45.9576125,cidade
1307,MERCEARIA SILVEIRA LTDA,MERCEARIA SILVEIRA LTDA,R.JOAQUIM MARQUES PADILHA,238,CENTRO,SAO PEDRO DA UNIAO,MG,10;42;86;172,-21.129382,-46.6184525,rua
1308,LUCIA APARECIDA DE OLIVEIRA REIS,LUCIA APARECIDA DE OLIVEIRA RE,R.PADRE LICINIO,233,BOM JESUS,FORTALEZA DE MINAS,MG,12;22;45;65,-20.8508356,-46.7152415,rua
1317,MONTEIRO E CAIEIRO SUPERMERCADO LTDA,SM.CAIREIRO,PC.CASTELO BRANCO,111,CENTRO,MONTE SANTO DE MINAS,MG,7;8;79;168,-21.1882243,-46.9768431,rua
1328,PASTRE E TREVISAN LTDA,CLAUDIO SM,R.DELFIM MOREIRA,448,CENTRO,ANDRADAS,MG,96;106;135,-22.0722234,-46.5797582,rua
1331,CASA PIUMHI LTDA,CASA PIUMHI,R.GETULIO VARGAS,860,CENTRO,PIUMHI,MG,13;57;166,-20.4706562,-45.9584445,rua
1332,SAO GERALDO MERCEARIA LTDA,MERCEARIA SERRANA,R.GETULIO VARGAS,1186,CENTRO,PIUMHI,MG,13;57;166,-20.4706562,-45.9584445,rua
1356,IRMAOS LIMA LTDA,IRMAOS LIMA LTDA,PC. BENEDITO VALADARES,214,CENTRO,ALTEROSA,MG,3;37;100;126;161,-21.2527509,-46.1431655,rua
1365,WALTER ITOKAZU,WALTER ITOKAZU,R.TORQUATO JOSE ALMEIDA,1084,CENTRO,DELFINOPOLIS,MG,118;173;174;175,-20.344749,-46.8546425,cidade
1367,JOSE MARCIO MADEIRA,JOSE MARCIO MADEIRA,R.TIRADENTES,291,CENTRO,ALTEROSA,MG,3;37;100;161,-21.1615931,-46.0975421,rua
1374,VIRGINIA APARECIDA FELIX PANSERI,SHOOP.FREITAS,R.SENADOR B.BRANDAO,45,CENTRO,ANDRADAS,MG,96;106;135,-22.0693412,-46.5707584,cidade
1376,SUPERMERCADO JOAO LUZIA LTDA,SM.JOAO LUZIA,R.CEL.JOAQUIM FIRMINO DA SILVA,831,CENTRO,NOVA RESENDE,MG,10;42;86;172,-21.1263862,-46.424537,cidade
1388,MERC.MARCOPAN LTDA,MARCOPAM,R.DOM PEDRO II,1176,JD.AMERICO,PIUMHI,MG,13;57;166,-20.4778301,-45.9657265,rua
1397,SAO MATHEUS SUPERMERCADO LTDA EPP,SM.S.MATHEUS,"PC.PEDRO ALCANTARA MAGALHAES, 42 A",,CENTRO,MUZAMBINHO,MG,110;112;113,-21.3688679,-46.5219236,rua
1402,OPCAO SUPERMERCADO LTDA,OPCAO SUPERMERCADO LTDA,AV.OSCAR ORNELAS,213,CENTRO,CABO VERDE,MG,110;112;113,-21.4738559,-46.3961705,rua
1404,JOAO LUIZ CODIGNOLE,JOAO LUIZ CODIGNOLE,R.IDEUFONSO BANDEIRA,268,CENTRO,BANDEIRA DO SUL,MG,6;24;120,-21.728056,-46.385555,cidade
1419,MARIA DE L.DA SILVA OLIVEIRA ME,CASA IMPERIO,R.ERASMO TRIELLI,309,VILA SAMAMBAIA,ANDRADAS,MG,96;106;135,-22.0693412,-46.5707584,cidade
1480,SUPERMERCADO TUIUTI LTDA,SUPERMERCADO TUIUTI LTDA,R.ARMANDO VIOTTI,19,CENTRO,PIUMHI,MG,13;57;166,-20.4706359,-45.9593076,rua
1481,CASA SILVA LTDA ME,CASA SILVA LTDA ME,R.JOAQUIM BEIJO,576,CENTRO,PIUMHI,MG,13;57;166,-20.4754496,-45.9615736,rua
1482,MERCADO MINEIRAO CASSIENSE LTDA,SM.MINEIRO,AV.ANTONIO LEMOS,550,PATRIMONIO,CASSIA,MG,118;173;174;175,-20.5730588,-46.9276222,rua
1490,SUPERMERCADO BANDEIRANTES GUAXUPE LTDA,SAC.BANDEIRANTE,R.AGOSTINHO BARBALHO,302,RECR.BANDEIRANTES,GUAXUPE,MG,10;42;86;172,-21.3136369,-46.7269145,rua
1492,MERCEARIA IRMAOS GENARI LTDA,MERCEARIA IRMAOS GENARI LTDA,R JOAO FRANCISCO ARANTES,60,CERRADO,ITAMOGI,MG,7;8;79;168,-21.0793213,-47.048612,cidade
1493,DOMINGOS DE SOUZA LOPES NETO,CASA N.S.GRACAS,R.COMENDADOR COELHO,56,JD.MAGNOLIA,MONTE SANTO DE MINAS,MG,7;8;79;168,-21.1933674,-46.9681801,rua
1516,ALIPIO FRANCISCO MACHADO ME,BAR DO ALIPIO,R.SEBASTIAO CORREA BENTO,1201,JD.BELA VISTA,ITAU DE MINAS,MG,118;173;174;175,-20.7496527,-46.7615432,rua
1518,SUPERMERCADO CEA LTDA ME,SM DO GILSON,R. RONDONIA,36,JD.SALUM,ALPINOPOLIS,MG,3;37;100;161,-20.8608144,-46.3957763,rua
1534,RENATA RAMOS CIPPOLINI ME,MERC.S.BENEDITO,R.PRESIDENTE KENEDY,974,CENTRO,ARCEBURGO,MG,10;42;86;172,-21.364444,-46.939722,cidade
1605,MARIA DA CONCEICAO SILVA ME,MERC.STA EDWIRGES,AV.PRES.TANCREDO NEVES,221-1999,SANTA CRUZ,GUAXUPE,MG,10;42;86;172,-21.3087615,-46.7190609,cidade
1640,SM.MERC.S.FRANCISCO DE PASSOS LTDA,SM.S.FRANCISCO,R.LEOPOLDINA,472,COIMBRAS,PASSOS,MG,12;22;45;65,-20.7029043,-46.6172011,rua
1655,SUPERMERCADO GODINHO LTDA,SUPERMERCADO GODINHO LTDA,PC.DO CRUZEIRO,3,CENTRO,SAO JOAO BATISTA DO GLORIA,MG,12;22;45;65,-20.6413912,-46.5052866,cidade
1682,PANIFICADORA MISTERPAO SOCIEDADE LTDA,PANIF.MISTERPAO,PC.NOSSA S.GRACAS,140,CENTRO,ITAU DE MINAS,MG,118;173;174;175,-20.739722,-46.752222,cidade
1718,PAN.CINELANDIA LTDA-EPP,PAN.CINELANDIA LTDA-EPP,R.DOS BRANDOES,398,CENTRO,PASSOS,MG,12;22;45;65,-20.7246973,-46.6070966,rua
1724,ACOUGUE MORAIS E JARDIM LTDA,ACOUG.MORAES,AV.TOGNI,1960,JD SANTA HELENA,POCOS DE CALDAS,MG,6;24;120,-21.7802151,-46.5968421,rua
1725,BIG PAO EIRELI,BIG PAO II,R.ASSIS FIGUEIREDO,1446,CENTRO,POCOS DE CALDAS,MG,125,-21.7876611,-46.5661327,rua
1727,ADALTON CAPRONI OLIVEIRA,MERC.OLIVEIRA,R.GLAUBER ROCHA,72,ESTANCIA S.JOSE,POCOS DE CALDAS,MG,6;24;120,-21.7998098,-46.5210785,rua
1735,SANTA CLARA MERCADO E ARMAZEM LTDA,SANTA CLARA MERCADO,AV.ANTONIO LEMOS,465,PATRIMONIO,CASSIA,MG,118;173;174;175,-20.5730588,-46.9276222,rua
1738,NEUZA DE FATIMA AMORIM OLIVIEIRA,PAN.PALACIO PAO,R.JOSE MARTINS LINS,471,JD.BELA VISTA,ITAU DE MINAS,MG,118;173;174;175,-20.7489268,-46.7612478,rua
1745,HEVERTON ANTONIO SALOMAO,SKINA DO FRANGO/SM DUTOM,AV.FREI FLORENTINO,39,CENTRO,MUZAMBINHO,MG,110;112;113,-21.3786256,-46.5265334,rua
1752,MERCADO ADEMAR VIEIRA & FILHOS LTDA,MERCADO BOAS NOVAS,RUA AMADEU FALBO,370,JARDIM BOAS NOVAS,MONTE SANTO DE MINAS,MG,7;8;79;168,-21.186271,-46.9713446,rua
1759,ANISIO RAMOS DA SILVA ME,MERCEARIA DO ANISIO,R.JOAQUIM F.TERRA,436,CRUZEIRO,ALTEROSA,MG,3;37;100;161,-21.249166,-46.143055,cidade
1760,GERALDO VILELA DAMASCENO ME,MERC.S.GERALD,R.12 DE OUTUBRO,248,CENTRO,ILICINEA,MG,3;37;100;161,-20.9358694,-45.8283111,rua
1774,MARCIO CARLOS DUTRA,MARCIO CARLOS DUTRA ME,R.ABILIO NARCISO PEREIRA,635,NOVA APARECIDA,POCOS DE CALDAS,MG,4;5;75;171,-21.7900318,-46.5647928,cidade
1786,PAN.VENTANIA LTDA,PAN.VENTANIA LTDA,RUA JOAO SILVA,360,CENTRO,NOVA RESENDE,MG,10;42;86;172,-21.1170382,-46.4159901,rua
1851,LEILA MARA MAGALHAES OLIVEIRA EPP,SM.DUNANIA,R.JOAO SILVA,149,CENTRO,NOVA RESENDE,MG,10;42;86;119;172,-21.1170382,-46.4159901,rua
1900,J.S.REZENDE & CIA LTDA ME,MARGIL,AV.DOS EXPEDICIONARIOS,392,CENTRO,PASSOS,MG,12;22;45;65,-20.7264648,-46.5861342,rua
1932,PAN.URBANO LTDA,PAN.URBANO LTDA,R.CEL VIRGILIO SILVA,1750,VILA NOVA,POCOS DE CALDAS,MG,6;24;120,-21.7865589,-46.5479659,rua
1960,NISSIN FOODS DO BRASIL LTDA,NISSIN FOODS DO BRASIL LTDA,RODOVIA BUNJIRO NAKAO  KM 57,S/N,VOTORANTIM,IBIUNA,SP,1,-23.6571245,-47.0815996,rua
1961,SUPERMERCADO OZELIM FILHOS LTDA,SUPERMERCADO DADA,AVENIDA ANGELO CALAFIORI,800,MOCOQUINHA,SAO SEBASTIAO DO PARAISO,MG,7;8;79;168,-20.9180709,-46.9845922,rua
1962,PAULO CESAR AP.CINTRA E CIA,MERC.ARCO IRIS,RUA LEONARDO VICENTE BORGES,176,JD.OURO VERDE,SAO SEBASTIAO DO PARAISO,MG,7;8;79;168,-20.9124331,-46.9823296,cidade
1972,SUPERMERCADO TRES IRMAS LTDA ME,SM.VILA RICA,R.CEL.JOAO EVANG.DOS ANJOS,800,CENTRO,MONTE BELO,MG,110;112;113;119,-21.3225052,-46.3649768,cidade
1974,CHURR.GAUCHA MUZAMBAO LTDA ME,CHURR.MUZAMBAO,"ROD.BR 146 - ROD BR 491, KM 108",,CENTRO,MUZAMBINHO,MG,110;112;113,-21.3684325,-46.522317,cidade
2081,TONIN & TONIN LANCHONETE LTDA ME,TONIN & TONIN LANCHONETE LTDA,PC.CONEGO TOMAZ,75,CENTRO,SAO TOMAS DE AQUINO,MG,7;8;79;168,-20.7844139,-47.097717,cidade
2155,JOAO CARLOS DE CARVALHO,SM.BARATEIRO,RUA JOAO BOTELHO MUNIZ,210,CENTRO,BANDEIRA DO SUL,MG,6;24;120,-21.7287015,-46.3850215,rua
2169,MINI MERCADO SILVA E AVILA LTDA,SM.2 IRMAOS,R.TRAVESSA LEMOS,190,CENTRO,PRATAPOLIS,MG,118;173;174;175,-20.7444262,-46.8607973,cidade
2231,PEDRO CANDIDO DE SOUZA,PEDRO CANDIDO DE SOUZA,R.BONIFACIO A.DA COSTA,203,CENTRO,FORTALEZA DE MINAS,MG,12;22;45;65,-20.849166,-46.712222,cidade
2235,SUPERMERCADO SAO SEBASTIAO LTDA ME,EMP.S.SEBASTIAO,R.CAMPOS DO AMARAL,334,CENTRO,SAO TOMAS DE AQUINO,MG,7;8;79;168,-20.7833682,-47.0963387,rua
2303,MERC.WASHINGTON LTDA,MERC.WASHINGTON,AV.FRANCISCO MACHADO,186,PINDAIBAS,PIUMHI,MG,13;57;166,-20.4627078,-45.9673862,rua
2332,JOSE SEBASTIAO RODRIGUES,MERC.RESENDE,RUA MODESTO CALDEIRA,510,CENTRO,PIUMHI,MG,13;57;166,-20.4665835,-45.9660018,rua
2839,LUGIL LTDA,SM.ELDORADO,PC.MONSENHOR E.CAVICHIOLI,32,CENTRO,ITAU DE MINAS,MG,118;173;174;175,-20.739722,-46.752222,cidade
2841,VITOR VOLPE,VITOR VOLPE,R.CAETANO LEME CEKATO,69,SANTA ROSALIA,POCOS DE CALDAS,MG,6;24;120,-21.7900318,-46.5647928,cidade
3354,PAN.REAL DE GUAXUPE LTDA LJ2,PAN.REAL DE GUAXUPE LTDA,R.DOM.ASSIS,41,CENTRO,GUAXUPE,MG,10;42;86;172,-21.3087615,-46.7190609,cidade
3416,CONF.SANTA PAULA LTDA,CONF.SANTA PAULA LTDA,AV.WENCESLAU BRAZ,615,MOCOQUINHA,SAO SEBASTIAO DO PARAISO,MG,7;8;79;168,-20.9243092,-46.9807276,rua
3422,EDSON OLIVIA OLIVEIRA & CIA LTDA,EDSON,R.ALUMINITA,170,JD.KENNEDY,POCOS DE CALDAS,MG,6;24;120,-21.8478937,-46.5763767,rua
3626,PAN.CENTER PAN LTDA ME,PAN.CENTER PAN LTDA ME,R.DR.ANTENOR DAMINI,72,STA ROSALIA,POCOS DE CALDAS,MG,6;24;120,-21.7841558,-46.5447959,rua
4391,LUCIANA APARECIDA DE JESUS MARTINS LIMA,PANIFICADORA LIMA,R.TOMAZ NOVELINO,206,CENTRO,DELFINOPOLIS,MG,118;173;174;175,-20.3463958,-46.8487604,rua
5104,MARIA JOSE SILVINO PECANHA,MERC.HORTI FRUT,RUA JOAQUIM ALVES,196,CENTRO,CAMPESTRE,MG,6;24;120,-21.7043183,-46.2557361,rua
5117,VERA LUCIA DE PIZA SILVA,SM.POEIRAO,R.PROF.ALDERICO P.AGUIAR,260,CENTRO,JURUAIA,MG,110;112;113,-21.252778,-46.577223,cidade
5177,SEBASTIAO CARLOS DE SOUZA,MERC.STA RITA,R.CONCEICAO,253,SANTA RITA,MONTE BELO,MG,110;112;113,-21.3225052,-46.3649768,cidade
5771,VAREJAO IRMAOS FERNANDES LTDA,VAREJAO IRMAOS FERNANDES LTDA,PC.SAO JOAO BATISTA,618,CENTRO,ITAMOGI,MG,7;8;79;168,-21.0781813,-47.0480477,rua
5864,SM.REAL DE PASSOS LTDA,SM.REAL DE PASSOS LTDA,R.MATO GROSSO,863,STA.LUZIA,PASSOS,MG,12;22;45;65,-20.7090541,-46.6018711,rua
5928,ATAC.DOS DOCES FRANCO & FRANCO LTDA,ATAC.DOS DOCES FRANCO & FRANCO,AV.FRANCISCO SALLES,246,CENTRO,POCOS DE CALDAS,MG,125,-21.7848036,-46.5706117,rua
5929,DAMAP COMERCIO VAREJISTA E ATACA DE ALIMENTOS EPP,DAMAP,R.MARECHAL DEODORO,510,CENTRO,POCOS DE CALDAS,MG,4;5;75;171,-21.7858509,-46.5661483,rua
6133,RODRIGO DA SILVA MARTINS,SM.VITORIA,R.JOSE MAMUD ASSAN,295,JD.SAO JORGE,POCOS DE CALDAS,MG,4;5;75;171,-21.7796431,-46.5922227,rua
6160,EDER DE OLIVEIRA MAGALHAES,MER/CASA CARNE OLIVEIRA,AV.FRANCISCO B.DA COSTA,550,BREJO ALEGRE,MUZAMBINHO,MG,110;112;113,-21.3684325,-46.522317,cidade
6617,FROILAN & CALDAS LTDA EPP,SM.CALDAS,AV.SENADOR BUENO BRANDAO,15,VILA CAMARGO,ANDRADAS,MG,96;106;135,-22.0774124,-46.5759019,rua
6712,ALEXANDRE DA SILVA E CIA LTDA ME,MERC.SILVA,R.DR.JORGE FONTANA,582,S.JUDAS TADEU,SAO SEBASTIAO DO PARAISO,MG,7;8;79;168,-20.9124331,-46.9823296,cidade
6746,SONIA MARIA DA SILVA TOME,SM.SILVA E SILVA,R.JOAQUIM FIRMINO DA SILVA,8,CENTRO,NOVA RESENDE,MG,10;42;86;172,-21.1263862,-46.424537,cidade
6787,PAES E DOCES BANDEIRANTES LTDA,PAES E DOCES BANDEIRANTES LTDA,R.AGOSTINHO BARBALHO,246,RECREIO BANDEIRANTES,GUAXUPE,MG,10;42;86;172,-21.3151687,-46.7264355,rua
6802,DISTR. PROD. ALIMENTICIOS PAZOTTI LTDA,PAZOTTI SP,AV.GERALDO MARRA,780,DIST.INDUSTRIAL II,MOCOCA,SP,1,-21.4712208,-47.0314003,rua
6823,IRMAOS LIMA LTDA,SM.LIMA,AVENIDA JOSE EVARISTO SANTANA,300,SANTO ANTONIO,CARMO DO RIO CLARO,MG,3;37;100;161,-20.9712116,-46.1275538,rua
6824,MINI MERCADO IRMAOS SILVEIRA LTDA,MINI MERCADO IRMAOS SILVEIRA L,AV.GOIANIA,161,CENTRO,BOM JESUS DA PENHA,MG,10;42;86;172,-21.0196733,-46.5183457,rua
6874,PAULO J. DAHER E CIA LTDA,COMERCIAL STA MONICA OU COSAMO,R.CAPITOLIO,777,MUARAMA,PASSOS,MG,12;22;45;65,-20.7334812,-46.6136635,rua
7256,MERCADO 5 ESTRELAS LTDA E.P.P,MERCADO 5 ESTRELAS LTDA E.P.P,AV.MONSENHOR MANCINI,805,VILA DALVA,SAO SEBASTIAO DO PARAISO,MG,7;8;79;119;168,-20.9178743,-46.9851361,rua
7355,REIS E NANINI SUPERMERCADO LTDA,PEG PAG ELDORADO,RUA JUVENCIO PRAXEDES ARAUJO,335,JD.ELDORADO,BOTELHOS,MG,6;24;120,-21.6415562,-46.3911695,rua
7368,PADARIA E LANCHONETE PAO BIG,PAD.LANCH.PAO BIG LTDA EPP,R.MARECHAL DEODORO,225,CENTRO,POCOS DE CALDAS,MG,125,-21.7858509,-46.5661483,rua
7370,DORA LUCIA DOS REIS - ME,PANIF.VILA CRUZ,R.NICO DUARTE,154,JD GINASIO,POCOS DE CALDAS,MG,6;24;120,-21.784028,-46.5855134,rua
7504,PANIFICADORA RANZANI LTDA ME,3 IRMAOS,R.CAPITAO CIRILO,393,ALTO ALEGRE,ANDRADAS,MG,96;106;135,-22.0681867,-46.5687622,rua
7509,MAEDA & AZEVEDO LTDA,MAEDA & AZEVEDO LTDA,AV.ANTONIO CARLOS,118,CASCATINHA,POCOS DE CALDAS,MG,6;24;120,-21.7936883,-46.5588914,rua
7622,CASA NAPOLI LTDA,CASA NAPOLI,AV.FRANCISCO SALLES,196,CENTRO,POCOS DE CALDAS,MG,4;5;75;171,-21.7848036,-46.5706117,rua
7633,DOCE FESTA REIS & ALVES LTDA EPP,DOCE FESTA,R.SANTA CATARINA,22,CENTRO,POCOS DE CALDAS,MG,4;5;75;171,-21.7930015,-46.5647331,rua
7702,SUPERMERCADO ERIKA LTDA ME,J.E.ATACADO,R.JOSE BRAZ NAVES,75,STA TEREZA,SAO SEBASTIAO DO PARAISO,MG,7;8;79;168,-20.9124331,-46.9823296,cidade
7727,FLAVIO BELLOTO,CC.BELOTTO,AV.PREF.ANT.GONCALVES,258,7 DE SETEMBRO,ANDRADAS,MG,96;106;135,-22.0693412,-46.5707584,cidade
7728,ADELIA MIZUKA KASAHARA OLIVEIRA,SM.MINEIRAO,R.ILDEFONSO VENTURA DE CARVALHO,221,CENTRO,TURVOLANDIA,MG,15;30;64;99,-21.8777834,-45.7882681,rua
7738,BARSNELLI LTDA,SOBRADINHP SOM 2,R.CEL.OLIVEIRA,415,CENTRO,ANDRADAS,MG,96;106;135,-22.0737622,-46.5763977,rua
7786,SUPERMERCADO JF OLIVEIRA EIRELI - ME,SUPERMERCADO JF OLIVEIRA EIREL,AV.MARGINAL,63,JD.ALTO SUMARE,GUAPE,MG,3;37;100;161,-20.7739063,-45.9108878,rua
7836,MARIA APARECIDA DA PAZ GARCIA,PANIF.PAO GOSTOSO,R.DR.PEDRO PAULINO DA COSTA,245,CENTRO,MONTE SANTO DE MINAS,MG,7;8;79;168,-21.1908631,-46.9783884,rua
7849,PANIFICADORA ZEPRIMO LTDA,PANIFICADORA ZEPRIMO LTDA,R.MAJOR JOAO GONCALVES,31,CENTRO,ALPINOPOLIS,MG,3;37;100;161,-20.8623129,-46.3892434,rua
7851,BAR E LANCHONETE IRMAOS ARAUJO I LTDA - ME,BAR E LANCHONETE IRMAOS A,AV.SAUDADE,311,SAO BENEDITO,ALPINOPOLIS,MG,3;37;100;161,-20.8567956,-46.388344,rua
7915,ROBERTO GALDINO DE ALMEIDA,PANIF.ROMA,AV.AVELINO SOARES DE REZENDE,85,CENTRO,SAO JOAO BATISTA DO GLORIA,MG,12;22;45;65,-20.6413912,-46.5052866,cidade
8006,CHOPANI CHOPERIA LTDA,CHOPANI CHOPERIA LTDA,AV.ANGELO CALAFIORI,420,CENTRO,SAO SEBASTIAO DO PARAISO,MG,7;8;79;168,-20.9221833,-46.9862873,rua
8028,PADARIA SANTA TEREZINHA LTDA,PADARIA SANTA TEREZINHA LTDA,R.DOS BRANDOES,93,CENTRO,PASSOS,MG,12;22;45;65,-20.7273288,-46.6062593,rua
8030,PADARIA ALVORADA PASSOS LTDA,PADARIA ALVORADA,R DEPUTADO LOURENCO DE ANDRADE,714,CENTRO,PASSOS,MG,12;22;45;65,-20.7173227,-46.6098529,rua
8060,LUIZ PEDRO GONCALVES GREGHI,MERC/PAD.SURPRESA,RUA BALBINO SOARES,470,CENTRO,ARCEBURGO,MG,10;42;86;172,-21.36351,-46.9401266,rua
8130,JOSE EDUARDO DE ALMEIDA,PÃO DE OURO,AVE FRANCISCO WENCESLAU DOS ANJOS,192,CENTRO,MONTE BELO,MG,110;112;113,-21.3225052,-46.3649768,cidade
8132,JAIME MENDES DA SILVA,JAIME MENDES DA SILVA,RUA MAESTRO NICANOR VIEIRA,141,CENTRO,AREADO,MG,3;37;100;161,-21.360527,-46.1434976,rua
8134,RIVAEL DOS REIS DE AVILA,M.MERC.POPULAR,R.OLIMPIO BATISTA DOS SANTOS,32,CENTRO,AREADO,MG,3;37;100;161,-21.3598764,-46.1499622,rua
8141,DROGARIA SAO CAETANO LTDA,DROG.SAO CAETANO LTDA,RUA MAJOR JOAQUIM BERNARDES,448,NOSSA SRA APARECIDA,POCOS DE CALDAS,MG,125;910,-21.7882154,-46.5552446,rua
8154,SO ALEGRIA PRESENTES LTDA,SO ALEGRIA PRESENTES LTDA,R.ASSIS FIGUEIREDO,1403,CENTRO,POCOS DE CALDAS,MG,125,-21.7823471,-46.565265,rua
8163,CASA DE CARNES E FRIOS POPULAR LTDA,CASA DE CARNES E FRIOS POPULAR,RUA VARGINHA,190,LAGOA DE TRAZ,PIUMHI,MG,13;57;166,-20.4709327,-45.969513,rua
8164,GISLAINE AP.SILVA CHAVES,GISLAINE AP.SILVA CHAVES,RUA BENEDITO VALADARES,174,CENTRO,PIUMHI,MG,13;57;166,-20.4692754,-45.9609784,rua
8184,BORGES E MARCAL LTDA,BORGES E MARCAL LTDA,AV.VITAL PAULINO COSTA,954,CENTRO,MONTE SANTO DE MINAS,MG,7;8;79;168,-21.1908249,-46.9667191,rua
8189,SALOMAO & GUIMARAES LTDA,P.QUENTE,PC.22 DE FEVEREIRO,109,CENTRO,ANDRADAS,MG,96;106;135,-22.0714895,-46.5733006,rua
8199,MARCELO FIAMENGHI COLHADO,MARCELO FIAMENGHI COLHADO,R.CEARA,303,CENTRO,POCOS DE CALDAS,MG,125,-21.7822598,-46.5664423,rua
8202,SORV.LANCH.ICE POP LTDA ME,SORV.LANCH.ICE POP LTDA ME,R.CEARA,143,CENTRO,POCOS DE CALDAS,MG,125,-21.7822598,-46.5664423,rua
8224,DISSUL COMERCIO E DISTRIBUICAO LTDA,DISSUL,PCA CEL.JOSE CAETANO MACHADO,11,CENTRO,PASSOS,MG,12;22;45;65,-20.7167803,-46.6156864,cidade
8278,PALITUS SORVETES LTDA,PALITUS SORVETES LTDA,R.JOAQUIM PIANTINO,111,SAO BENEDITO,PASSOS,MG,12;22;45;65,-20.7206051,-46.6006017,rua
8293,SM.XAVIER LTDA,SM.XAVIER LTDA,R.GUANABARA,534,SAO SEBASTIAO,BOTELHOS,MG,6;24;120,-21.6419982,-46.394301,rua
8311,MARCOS DONIZETE SANTELLO,PANIF.STO REIS,AV.COR. ANTONIO P.DA COSTA,779,CENTRO,MONTE SANTO DE MINAS,MG,7;8;79;168,-21.189722,-46.98,cidade
8350,LOURDES DE PAULA NOGUEIRA,MERC.LURDINHA,R.ANTONIO ROSA,346,ROSARIO,AREADO,MG,3;37;100;161,-21.3630806,-46.1341318,rua
8351,SM.LANCH.LACERDA LTDA,SM.LANCH.LACERDA LTDA,AV.JUSCELINO KUBISTCHEK,263,ROSARIO,AREADO,MG,3;37;100;161,-21.3582771,-46.1476688,cidade
8353,PAD.CONF.MERC.PROGRESSO LTDA,PANIF.PROGRESSO,R.CEL.JOSE V.BARRETO JR,925,CENTRO,ARCEBURGO,MG,10;42;86;172,-21.364444,-46.939722,cidade
8372,ELIZETE C DE SOUZA E CIA LTDA ME,COM.BELISQUINHO,R FRANCISCO SEMENZE,685,JARDIM IPANEMA,SAO SEBASTIAO DO PARAISO,MG,7;8;79;168,-20.9225703,-46.9685559,rua
8469,BAR RODOVIARIO LTDA ME,BAR RODOVIARIO LTDA ME,R ARLINDO DE FIGUEIREDO,1001,S.FRANCISCO,PASSOS,MG,12;22;45;65,-20.7167803,-46.6156864,cidade
8481,PEG PAG SAO JOSE LTDA,PEG PAG SAO JOSE LTDA,R.ANTONIO DE CASTRO SOUZA,185,CAMPOS ELISEOS,POCOS DE CALDAS,MG,6;24;120,-21.7987333,-46.5060507,rua
8509,LUCIA HELENA LARA ME,MERC.TRIANGULO,AV.ANTONIO LEMOS,755,PATRIMONIO,CASSIA,MG,118;173;174;175,-20.5730588,-46.9276222,rua
8511,CASSIA LANCHES LTDA,LANCH.SUKAO,PC.BARAO DE CAMBUI,78,CENTRO,CASSIA,MG,118;173;174;175,-20.5840881,-46.9215204,rua
8518,QUICK LANCHES EIRELI,JAIRO BATISTA DE OLIVEIRA,"R.SANTA CASA , 145 A",,SANTA CASA,PASSOS,MG,12;22;45;65,-20.7140542,-46.6137276,rua
8560,DROGARIA MARCAL FILHO E LIMA LTDA EPP,DROGARIA MARCAL FILHO E LIMA L,R.ANTENOR CARVALHAES,260,CENTRO,MONTE SANTO DE MINAS,MG,7;8;79;168,-21.1909954,-46.9753621,rua
8566,COM.DA FAZENDA LTDA EPP,PAO FAZENDA,AV.DR.AMERICO LUZ,128,CENTRO,MUZAMBINHO,MG,110;112;113,-21.375044,-46.5246664,rua
8587,BAR E RESTAURANTE CENTENARIO LTDA,REST.CENTENARIO,"ROD.MG 50 KM 266,5",S/N,CRUZEIRO,PIUMHI,MG,13;57;166,-20.4675258,-45.9576125,cidade
8590,FRANCO E FRANCO CIA LTDA,PAD.UNIAO,R.DR.AFONSO ARAUJO,169,CENTRO,BANDEIRA DO SUL,MG,6;24;120,-21.7333633,-46.3899805,rua
8599,ANTONIO CESAR DE ALMEIDA,PAO E CIA,R.AFONSO PENA,312,CENTRO,GUARANESIA,MG,10;42;86;172,-21.3013339,-46.8002048,rua
8692,MERCEARIA CELI SOARES FERREIRA LTDA,MERCEARIA DO CASCATA,AVE FRANCA,61,PATRIMONIO,CASSIA,MG,118;173;174;175,-20.5837538,-46.9219923,cidade
8738,ALVARO A.DA SILVA E CIA LTDA,BAR DO ALVINHO,R.DIVISA NOVA,195,ROSARIO,AREADO,MG,3;37;100;161,-21.3620192,-46.1360405,rua
8740,SUPERMERCADO IRMAOS TOMAZ LTDA,SUPERMERCADO IRMAOS TOMAZ LTDA,R.BRASILIA,127,CENTRO,AREADO,MG,3;37;100;161,-21.3565884,-46.1504588,rua
8741,SM.LIMA LTDA,SM.LIMA LTDA,RUA BRASILIA,201,CENTRO,AREADO,MG,3;37;100;126;161,-21.359034,-46.1486109,rua
8742,LUCIMAR DE OLIVEIRA,MERC.OLIVEIRA,AV.GETULIO VARGAS,47,CENTRO,AREADO,MG,3;37;100;161,-21.3582771,-46.1476688,cidade
8744,CARLOS JOSE ALVIM,ACOUG/MERC.S.VICENTE,R.ISAIAS ALVES FERREIRA,640,SAO VICENTE,AREADO,MG,3;37;100;161,-21.355128,-46.147005,rua
8782,SUPERMERCADO OLIVEIRA & FRANCO LTDA - EPP,SUPERMERCADO OLIVEIRA & FRANCO,R.JOAQUIM ALVES,320,COLINAS,CAMPESTRE,MG,6;24;120,-21.7043183,-46.2557361,rua
8785,REGINA DE SOUZA LOPES CRIVELARI ME,REGINA DE SOUZA LOPES CRIVELAR,R.CARDEAL CARMELO,284,CENTRO,GUARANESIA,MG,10;42;86;172,-21.3050457,-46.7895842,rua
8789,CASA DE CARNES TRES IRMAOS LTDA,3 IRMAOS,PC.22 DE FEVEREIRO,45,CENTRO,ANDRADAS,MG,96;106;135,-22.0714895,-46.5733006,rua
8835,LANCHONETE YING E XIULIAN LTDA,LANCHONETE YING E XIULIAN LTDA,PC.COMENDADOR JOSE HONORIO,100/SL01,CENTRO,SAO SEBASTIAO DO PARAISO,MG,7;8;79;168,-20.9124331,-46.9823296,cidade
8838,ADENILSON JOSE DE OLIVEIRA,ADENILSON JOSE DE OLIVEIRA,RUA OSWALDO CRUZ,301,JARDIM CASCATINHA,POCOS DE CALDAS,MG,4;5;75;171,-21.7915725,-46.5590353,rua
8869,UNIMED SUDOESTE DE MINAS COOPERATIVA DE TRABALHO MEDICO,HOSP.SAO JOSE,AVENIDA DOUTOR BRENO SOARES MAIA,236,BELO HORIZONTE,PASSOS,MG,45;901,-20.741257,-46.6007404,rua
8970,CANTINA 2 R LTDA,2 R,R.PIMENTA DE PADUA,521,CENTRO,SAO SEBASTIAO DO PARAISO,MG,7;8;79;168,-20.9138081,-46.9996326,rua
8981,IVAIR DIAS,IVAIR DIAS,PC.BARAO DE CAMBUI,8,CENTRO,CASSIA,MG,118;173;174;175,-20.5840881,-46.9215204,rua
9211,ACOUGUE ACCORINTE LIMITADA,ACOUGUE ACCORINTE LIMITADA,AVENIDA OTTO KRAKAUER,972,SANTA CASA,PASSOS,MG,12;22;45;65,-20.7126238,-46.6113954,rua
9274,BAR REST.UNIAO LTDA,UNIAO,R.CEL OLIVEIRA,58,CENTRO,ANDRADAS,MG,96;106;135,-22.0737622,-46.5763977,rua
9317,PAO DE MEL E BOMBOCADO LTDA,PAO DE MEL E BOMBOCADO LTDA,R.PARAIBA,182,CENTRO,POCOS DE CALDAS,MG,125,-21.7830998,-46.5683885,rua
9360,VANLUTT MASSAS IND.E COMERCIO LTDA,VANLUTT MASSAS,R.DR.PEDRO PAULINO DA COSTA,686,CENTRO,MONTE SANTO DE MINAS,MG,7;8;79;168,-21.192346,-46.9742086,rua
9399,MILENA SOARES REZENDE FERREIRA,MILENA SOARES REZENDE FERREIRA,AV.ANGELO CALAFIORI,130,MOCOQUINHA,SAO SEBASTIAO DO PARAISO,MG,7;8;79;168,-20.9221833,-46.9862873,rua
9404,SUPER FACIL AUTO SERVICO LTDA - EPP,SUPER FACIL AUTO SERVICO LTDA,RUA LEVY FELIPE TABOGA,711,BOTELHINHO,BOTELHOS,MG,6;24;120,-21.6500058,-46.3947355,cidade
9437,SUPERMERCADO DO CARECA LTDA,SUPERMERCADO DO CARECA LTDA,RUA SEBASTIAO PIMENTA DE PADUA,109,PARQUE RESIDENCIAL SAO JOSE,SAO TOMAS DE AQUINO,MG,7;8;79;168,-20.7844139,-47.097717,cidade
9478,SEITY SHIROMA COMERCIO LTDA,SEITY SHIROMA COMERCIO LTDA,R.RIO DE JANEIRO,331,CENTRO,POCOS DE CALDAS,MG,125,-21.7875751,-46.565347,rua
9489,RAMOS & PRADO LTDA ME,RAMOS & PRADO LTDA ME,R.SAO LOURENCO,329,CHAC. ALVORADA,POCOS DE CALDAS,MG,6;24;120,-21.799646,-46.52632,rua
9517,FABIANO LARA MACHADO & CIA LTDA,DROGA FARMA 1,AVE POCOS DE CALDAS,253,COHAB,PASSOS,MG,12;22;45;65,-20.7167803,-46.6156864,cidade
9542,VALDOMIRO PAIM DE OLIVEIRA,MERC.DO MIRO,R.JORGE GONCALVES SALUM,81,CENTRO,ALPINOPOLIS,MG,3;37;100;161,-20.8664539,-46.3878256,rua
9557,MARIANA'S CAFE LTDA,MARIANAS CAFE LTDA ME,RUA ASSIS FIGUEIREDO,867,CENTRO,POCOS DE CALDAS,MG,125,-21.7965576,-46.5676486,rua
9606,JOSE RISOLIA DE CASTRO LOJA 01,VAREJAO DOCE MEL,R.JOSE MONTEIRO DOS SANTOS,239,JARDIM AMERICA,CARMO DO RIO CLARO,MG,3;37;100;161,-20.9729361,-46.1244762,rua
9616,CELSO ANTONIO DA SILVA,SM.STA RITA,R.CAP.MANOEL LEITE,48,JUREIA,MONTE BELO,MG,110;112;113,-21.2808976,-46.3628617,rua
9637,MARGARIDA H.M.MAGALHAES,REST.LA EM CASA,"R.CEL.ARISTIDES COIMBRA , 3 A",,CENTRO,MUZAMBINHO,MG,110;112;113,-21.3684325,-46.522317,cidade
9645,LUIZ HENRIQUE BARBOSA ME,LUIZ HENRIQUE BARBOSA ME,R.ROQUE SIPOLA,505,VILA CARLONE,GUAXUPE,MG,10;42;86;172,-21.2965144,-46.7276156,rua
9679,ECONOMICO PAGUE E LEVE LTDA,ECONOMICO PAGUE E LEVE LTDA,RUA JOAQUIM ALVES,577,CENTRO,CAMPESTRE,MG,6;24;120,-21.699327,-46.2590731,rua
9713,VAREJAO E ACOUGUE DA FAZENDA LTDA - ME,VAREJAO/ACOUQUE,R.SAO VICENTE,308,CENTRO,CAPETINGA,MG,118;173;174;175,-20.6139902,-47.0590428,rua
9714,AMANCIO DIOGO ME,AMANCIO DIOGO ME,PC.DR.EDMUNDO VENTURELLI,113,ALTO ALEGRE,ANDRADAS,MG,96;106;135,-22.0693412,-46.5707584,cidade
9740,FERRERO DO BRASIL IND.DOC.E ALIM.LT,POCOS DE CALDAS,AV.FERRERO,555,BORTOLAN,POCOS DE CALDAS,MG,1,-21.7878299,-46.6317672,rua
9814,JARBAS CORREA FILHO & CIA LTDA.,JARBAS CORREA FILHO & CIA LTDA,AVENIDA PRESIDENTE TANCREDO NEVES,1791,SANTA CRUZ,GUAXUPE,MG,10;42;86;119;172,-21.3171136,-46.7288486,rua
9824,D. C. TURISMO LTDA,MONREALI HOTEL,AVENIDA LEONOR FURLANETO DELGADO,3033,JARDIM PHILADELPHIA,POCOS DE CALDAS,MG,6;24;171,-21.8019431,-46.5150707,rua
9842,SUPERMERCADO A COMERCIAL LTDA EPP,SUPERMERCADO A COMERCIAL LTDA,AV.MAJOR A.ALBERTIN FERNANDES,153,CENTRO,BOTELHOS,MG,6;24;120,-21.6500058,-46.3947355,cidade
9866,PANIFICADORA E CONFEITARIA PAO DOURADO LIMITADA,PANIFICADORA E CONFEITARIA PAO,RUA ALFENAS,160,CENTRO,ALTEROSA,MG,3;37;100;161,-21.2557487,-46.1463215,rua
9922,EDUARDO BARROS ME,SM.PRIMO S,R.JOSE BRAZ VILELA,597,JARDIM AMERICA,CARMO DO RIO CLARO,MG,3;37;100;161,-20.9780919,-46.1186666,rua
9934,MARIA AP.CORREIA ALVES ME,MARIA AP.CORREIA ALVES ME,R.FLORIANOPOLIS,56,JD.PLANALTO,SAO JOAO BATISTA DO GLORIA,MG,12;22;45;65,-20.6413912,-46.5052866,cidade
9969,CHF E CIA LTDA ME,CHF E CIA LTDA ME,R.CORONEL JOSE CUSTODIO,221,CENTRO,CAMPESTRE,MG,6;24;120,-21.7121074,-46.2437645,rua
9977,SM.LAVERSA LTDA,SM.PLANALTO,AV.PRES.TANCREDO NEVES,415,JD.PLANALTO,GUAXUPE,MG,10;42;86;172,-21.3087615,-46.7190609,cidade
10018,GORKOS E ZUCHERATO LTDA,DROG.S.JOAO,R.MAJOR BONIFACIO,924,CENTRO,ANDRADAS,MG,96;106;135,-22.0729243,-46.5760303,rua
10054,SODRE MIGUEL LTDA  LJ CD,TEM MAIS CLUBE DE COMPRAS,AVENIDA WENCESLAU BRAZ,3000,PARQUE PRIMAVERA/ESTANCIA,POCOS DE CALDAS,MG,4;5;75;120;125;171;910,-21.7948263,-46.5235605,rua
10070,MERCADO RAVI LTDA,MERCADO RAVI,RUA JULIO TAVARES,1838,CENTRO,GUARANESIA,MG,10;42;86;172,-21.3016869,-46.7971563,rua
10092,EDGARD DE OLIVEIRA ME,QUALY FRIOS,RUA FABIO DE OLIVEIRA COIMBRA,169,BARRA FUNDA,MUZAMBINHO,MG,110;112;113,-21.3739419,-46.5222928,rua
10095,PEDRILHO & PEDRILHO P.ALIMENTICIOS LTDA ME,SM.KI BARATO,R.ANA FERREIRA BERNO,64,JD.DO CONTORNO,POCOS DE CALDAS,MG,4;5;75;171,-21.8237159,-46.5576888,rua
10149,MARIA APARECIDA ALMEIDA FERREIRA ME,MARIA APARECIDA ALMEIDA FERREI,RUA UBIRAJARA LIMA,185,CENTRO,VARGEM BONITA,MG,13;57;166,-20.3277932,-46.3677542,rua
10150,SUPERMERCADO CANASTRA LTDA,SUPERMERCADO CANASTRA LTDA,AV. PRES.TANCREDO NEVES,407,CENTRO,SAO ROQUE DE MINAS,MG,13;57;166,-20.245277,-46.365833,cidade
10151,LAIS DE MATOS LIMA LTDA,SM.CEBOLAO,RUA 15 DE NOVEMBRO,22,CENTRO,SAO ROQUE DE MINAS,MG,13;57;166,-20.245277,-46.365833,cidade
10155,VICENTE DE PAULA MARTINS ME,MERC.PAULINHO,R.LENHA TIRO,310,CENTRO,CABO VERDE,MG,110;112;113,-21.4743338,-46.3964995,cidade
10168,PANIFICADORA ANA JULIA LTDA - EPP,PANIF.ANA JULIA,ISAAC SOARES,19,CENTRO,MONTE SANTO DE MINAS,MG,7;8;79;168,-21.1896681,-46.9818738,rua
10172,BOARI CAFETERIA LTDA - ME,BOARI CAFETERIA LTDA - ME,RIO DE JANEIRO,16,CENTRO,POCOS DE CALDAS,MG,125,-21.7875751,-46.565347,rua
10187,RESTAURANTE CORTEZ & CARDOSO LTDA - ME,REST.NOSSO COZINHA,RUA ESPIRITO SANTO,127,CENTRO,POCOS DE CALDAS,MG,125,-21.7916159,-46.565068,rua
10193,FORNECEDORA MAIOLINI  LTDA,SUP.MAIOLINI DA SANTA CRUZ,R.SANTA CRUZ,106,CENTRO,VARGINHA,MG,18;44;83;102;123;903,-21.5509274,-45.441298,rua
10194,MAIOLINI SUPERMERCADOS LTDA,MAIOLINI,R.RIO DE JANEIRO,684,CENTRO,VARGINHA,MG,18;44;83;102;123,-21.5463923,-45.442317,rua
10198,JOEL DE ARAUJO CONTI,JOEL DE ARAUJO CONTI,R.DELFIM MOREIRA,314,CENTRO,OURO FINO,MG,2;27;53;97,-22.283056,-46.369167,cidade
10199,IRMAOS FONSECA LTDA,SM.CENTER BOX,AV CORONEL ALFREDO DE PAULA,96,CENTRO,POUSO ALEGRE,MG,40;54;61;67;167;192;949;950,-22.2257134,-45.9314372,rua
10202,ADEMAR FRANCISCO ALVES,ADEMAR FRANCISCO ALVES,AV TIRADENTES,02,CENTRO,CAMBUI,MG,51;56;98;116;923,-22.6157122,-46.0560962,rua
10203,MINI BOX ALA LTDA,MINI BOX ALA LTDA,PC.DA BANDEIRA,75,CENTRO,CAMBUI,MG,51;56;98;116;923,-22.6122501,-46.0572137,cidade
10212,MERCEARIA M E GONCALVES LTDA,MERCEARIA GONCALVES,RUA JOSE JOAQUIM,568,VARGINHA,ITAJUBA,MG,183,-22.4271992,-45.4487943,rua
10216,MERCADINHO PADRE NICOLAU LTDA,REDE UNISUL,AV.JOSE MANOEL PEREIRA,53,AVENIDA,ITAJUBA,MG,32;52;72;156;183;193;906,-22.4238234,-45.4524156,cidade
10224,NEIVA ROBERTO DE LIMA EPP,SM.GL,R 13 DE MAIO,1057,CENTRO,OURO FINO,MG,2;27;53;97,-22.2904627,-46.3837798,rua
10228,PAULO ROBERTO CAMPOS PENHA,PAULO ROBERTO CAMPOS PENHA,AV.FLORIANO PEIXOTO,86,BOSQUE,CAXAMBU,MG,55;58;93,-21.9827152,-44.9446253,rua
10233,PAN.REST.MERC.SANTOS LTDA,PAN.REST.MERC.SANTOS LTDA,R.DR.VIOTTI,670,CENTRO,CAXAMBU,MG,55;85;93,-21.97991,-44.9326545,rua
10238,DROGARIA E FARMACIA AMERICANA SAO LOURENCO,DROGARIA E FARMACIA AMERICANA,R.DR.WENCESLAU BRAS,116,CENTRO,SAO LOURENCO,MG,39;85,-22.116389,-45.054167,cidade
10240,PANIF.SAN REMO LTDA,PANIF.SAN REMO LTDA,AV.GETULIO VARGAS,154,CENTRO,SAO LOURENCO,MG,39;43;82,-22.13707,-45.0540032,rua
10241,ANTONIO STECA E CIA LTDA,SM.STECCA,R.PARANA,155,JD.DEIA,JACUTINGA,MG,2;27;53;97,-22.2937836,-46.6165539,rua
10245,PAD.CONF.SENHORAS DOS REMEDIOS LTDA,PAD.CONF.SENHORAS DOS REMEDIOS,R.DR.ENOUT,230,CENTRO,CAXAMBU,MG,55;85;93,-21.9753607,-44.9329243,rua
10246,COSTA E LABEGALINI LTDA EPP,COSTA E LABEGALINI LTDA EPP,R.JOAO TURANO,19,PQ.CEL.RENNO,JACUTINGA,MG,2;27;53;97,-22.2783077,-46.6044399,rua
10248,PAN.E CONF.JACUTINGA LTDA,PAN.E CONF.JACUTINGA LTDA,PRACA FRANCISCO RULCIM,35,CENTRO,JACUTINGA,MG,2;27;53;97,-22.285833,-46.612222,cidade
10252,TOFOLI & NICOLETI LTDA,TOFOLI & NICOLETI LTDA,R.JOAO PESSOA,42,CENTRO,JACUTINGA,MG,2;27;53;97,-22.3012242,-46.6150276,rua
10257,SM.G.M.A.PEREIRA LTDA,SM.G.M.A.PEREIRA LTDA,PC. DA BANDEIRA,116,CENTRO,CAMBUI,MG,51;56;98;116;923,-22.6122501,-46.0572137,cidade
10260,CHIU YEU LI MONTUENGA,CHIU YEU LI MONTUENGA,R.PREFEITO DAVID BUENO LJ D,234,JD.SAO BENEDITO,CAMBUI,MG,51;56;98;116;923,-22.6122501,-46.0572137,cidade
10263,JOSE ARCANJO DE MORAIS NETO EPP,JOSE ARCANJO DE MORAIS NETO EP,R.DEPUTADO MILTON SALLES,149,CENTRO,CORREGO DO BOM JESUS,MG,51;56;98;116,-22.6307333,-46.0200774,rua
10264,HELAINE CRISTINA RODRIGUES PEREIRA,CAFETERIA E LANCHONETE SANTA E,RODOVIA FERNAO DIAS KM902,S/N,SAO MIGUEL,CAMBUI,MG,51;56;98;116;923,-22.6122501,-46.0572137,cidade
10266,JULI & PATY SUPERMERCADO LTDA,SM.S.JOAO,R.FRANCISCO MASSAFERA,169,SAO JOAO,POUSO ALEGRE,MG,54;61;81;157;167;192,-22.2371311,-45.9556507,rua
10268,MAGLIONI RIBEIRO E CIA LTDA - LJ.04,ALVORADA-REDE,R.SILVIANO BRANDAO,144/152,CENTRO,POUSO ALEGRE,MG,29;40;54;81;159;192;926,-22.2353991,-45.9440744,rua
10274,PANIF. GUIMARAES INDUSTRIA E COMERCIO LTDA,PANIF. GUIMARAES INDUSTRIA E C,R.GERALDINO CAMPISTA,40,SANTO ANTONIO,ITAJUBA,MG,32;52;72;156,-22.4388898,-45.469863,rua
10275,SUPERMERCADO M D DIAS LTDA ME,SUPERMERCADO M D DIAS LTDA ME,RUA JOSE DIAS CHAVES SOBRINHO,544,PIEDADE,ITAJUBA,MG,32;52;72;156,-22.4479661,-45.4851927,rua
10282,MAGLIONI RIBEIRO E CIA LTDA - LJ.03,SM.ALVORADA REDE,AV.CESARIO ALVIM,281,CENTRO,ITAJUBA,MG,88;92;94;155;183;193,-22.4267984,-45.4530064,rua
10283,MAGLIONI RIBEIRO E CIA LTDA - LJ.06,SM.ALVORADA,AV. GETULIO VARGAS,32,CENTRO,ITAJUBA,MG,88;92;94;155;183;193,-22.4238234,-45.4524156,cidade
10284,MAGLIONI RIBEIRO E CIA LTDA - LJ.07,SM.ALVORADA REDE,AV.CAPITAO GOMES,145,BOA VISTA,ITAJUBA,MG,32;88;92;155;183;193;906,-22.4254248,-45.4620992,rua
10285,MAGLIONI RIBEIRO E CIA LTDA - LJ.02,ALVORADA-REDE,R.GUARDA MOR LUSTOSA,240,CENTRO,OURO FINO,MG,2;27;53;89;97;144,-22.283056,-46.369167,cidade
10286,MAGLIONI RIBEIRO E CIA LTDA - LJ.05,ALVORADA-REDE,AV.VICENTE SIMOES,66,CENTRO,POUSO ALEGRE,MG,29;40;54;81;159;192;926,-22.2278086,-45.9250908,rua
10287,MAGLIONI RIBEIRO & CIA LTDA - LJ.01,SM.ALVORADA REDE,R.COMENDADOR CUSTODIO RIBEIRO,99,CENTRO,SANTA RITA DO SAPUCAI,MG,14;36;62;80;183;193;926,-22.2491574,-45.7040712,rua
10288,EMPRESAS GOMES LTDA,GOMES SUPERMERCADOS,R BARBARA HELIODORA,301,CARIOCA,SAO LOURENCO,MG,39;43;82,-22.106239,-45.0592012,rua
10296,CESAR AUGUSTO LEAL DA SILVA,CESAR AUGUSTO LEAL DA SILVA,R.GUILHERME GOUVEIA VILELA,36,SANTA RITA,CAXAMBU,MG,85,-21.9702855,-44.931089,rua
10300,MARIA DO CARMO DE SOUZA,MARIA DO CARMO DE SOUZA,RUA JOAO MANCILHA NETO,26,SANTA TEREZINHA,CAXAMBU,MG,85;922,-21.9843599,-44.9301074,rua
10302,BENJAMIN DIMAS RANGEL,BENJAMIN DIMAS RANGEL,R.AV.ANTONIO FERREIRA SILVA,45,CAXAMBU,CAXAMBU,MG,55;58;93,-21.9755872,-44.9311403,cidade
10303,CASA NATAL COM.DE CEREAIS LTDA EPP,CASA NATAL COM.DE CEREAIS LTDA,AV.DR.HENRIQUE MONAT,615,BELVEDERE,CAXAMBU,MG,55;58;93,-21.9755872,-44.9311403,cidade
10310,JOSE MARIA DONATI,JOSE MARIA DONATI,R.FIM DO MUNDO,905,FIM DO MUNDO,JACUTINGA,MG,2;27;53;97,-22.285833,-46.612222,cidade
10312,SEMEI SANTANA NAIA LTDA,PARAISO PAD/CONV,PC.GOV.BENEDITO VALADARES,102,CENTRO,VARGINHA,MG,18;44;83;102,-21.5565914,-45.4340674,cidade
10314,JOAO ADEMIR DA COSTA ME,JOAO ADEMIR DA COSTA ME,AV. TIRADENTES,515,CENTRO,CAMBUI,MG,51;56;98;116;923,-22.6157122,-46.0560962,rua
10315,TELES GUIMARAES CIA LTDA ME,MERC.GUIMARAES,R.GERALDINO CAMPISTA,26,SANTO ANTONIO,ITAJUBA,MG,32;52;72;156,-22.434292,-45.4685763,rua
10320,BATUTA SUPERMERCADO LTDA EPP,BATUTA SUPERMERCADO LTDA EPP,R.ANTONIO P.DE CARVALHO,156,CENTRO,IBITIURA DE MINAS,MG,96;106;135,-22.060833,-46.439722,cidade
10324,JOSE ALEXANDRE LOPES E CIA LTDA,JOSE ALEXANDRE LOPES E CIA LTD,AV.DR.DEMOSTENES RIO BRANCO,9,VILA NOVA,SANTA RITA DE CALDAS,MG,89;90;107;109,-22.0266964,-46.3253011,rua
10326,CARLOS DONIZETE RAMOS,CARLOS DONIZETE RAMOS,PC.PADRE ALDERIGO,151,CENTRO,SANTA RITA DE CALDAS,MG,89;90;107;109,-22.028889,-46.336944,cidade
10327,ASTOLPHO GONCALVES SUPERMERCADO LTDA,SM.AVENIDA RD.UNISUL,AV.SINHA MOREIRA,118,CENTRO,SANTA RITA DO SAPUCAI,MG,14;36;62;80;183;193;906,-22.2548436,-45.7043356,rua
10328,MARIA BERNADETE G.FERREIRA ME,MARIA BERNADETE G.FERREIRA ME,DAS SAUDADES,147,YARA,POUSO ALEGRE,MG,40;61;81;167,-22.2407399,-45.9434934,rua
10333,MERCEARIA KISSKAUANE LTDA,MERCEARIA KISSKAUANE LTDA,AV.CAMILO DE BARROS LAROIA,575,CIDADE JARDIM,POUSO ALEGRE,MG,29;40;67;159,-22.2343858,-45.9327241,cidade
10334,SUPERMERCADO DO VALE LTDA,SUPERMERCADO DO VALE LTDA,AV.FREDERICO DE PAULA CUNHA,486,MARISTELA,SANTA RITA DO SAPUCAI,MG,14;36;62;80,-22.2450893,-45.7072951,rua
10335,PAN.ALVAREZ LTDA,PAN.ALVAREZ LTDA,R. XV DE NOVEMBRO,99,CENTRO,SAO LOURENCO,MG,39;43;82,-22.1175862,-45.0601835,rua
10339,PANIFICADORA KI SABOR LTDA,PANIFICADORA KI SABOR LTDA,AV.DAMIAO JUNQUEIRA DE SOUZA,190,FEDERAL,SAO LOURENCO,MG,39;43;82,-22.1096316,-45.0384915,rua
10341,LUGEMAR PADARIA LTDA,LUGEMAR PADARIA LTDA,R.SAO JOSE,230,CARIOCA,SAO LOURENCO,MG,39;43;82,-22.1067849,-45.0612226,rua
10342,N F SUPERMERCADOS LTDA,SUPERMERCADOS CARROSSEL,PC.DR.HUMBERTO SANCHES,105,CENTRO,SAO LOURENCO,MG,39;43;82;85;922,-22.1178414,-45.0503801,rua
10346,NISHIMODA SUPERMERCADO LTDA,NISHIMODA SUPERMERCADO LTDA,ROD. MG 290   KM 55,S/N,CENTRO,OURO FINO,MG,2;27;53;97;144,-22.283056,-46.369167,cidade
10351,DIVINO TELES DE OLIVEIRA & CIA LTDA,SM.OLIVEIRA,PC.RENATO FRANCO BUENO,80,CENTRO,MONTE SIAO,MG,2;27;53;97,-22.43791,-46.5714507,rua
10352,PANIFICADORA ROCHA 2 LTDA,ADELIA ROCHA DA SILVA ME,"PC.MENOTTI D ARCA, 270 A",,CENTRO,CAMPO BELO,MG,23;46;63;177,-20.8975,-45.277223,cidade
10353,CB SUPERMERCADO LTDA,CB SUPERMERCADO LTDA,R.CARDOSAO,80,CENTRO,CAMPO BELO,MG,23;46;63;177,-20.8915686,-45.2757779,rua
10357,SUPERMERCADO DU NIDI LTDA - ME,SUPERMERCADO DU NIDI LTDA - ME,AV.RIO BRANCO,510,CENTRO,CAMANDUCAIA,MG,16;31;59;117,-22.7531254,-46.1407274,rua
10363,SUPER SUPER OBA OBA LTDA,SUPER SUPER OBA OBA LTDA,R.PRESIDENTE ANTONIO CARLOS,363,CENTRO,VARGINHA,MG,18;44;83;102,-21.5560398,-45.4360663,rua
10372,ANTONIO NAIRTON DE SOUZA,ANTONIO NAIRTON DE SOUZA,PC.WENCESLAU BRAS,2,CENTRO,ITAJUBA,MG,92;94;155;183,-22.4238234,-45.4524156,cidade
10375,ANA MARIA FIGUEREDO SILVA,ANA MARIA FIGUEREDO SILVA,PC.DR.GARCIA COUTINHO LJ02,2,CENTRO,POUSO ALEGRE,MG,184,-22.2343858,-45.9327241,cidade
10376,GEMELO COMERCIO E IND.LTDA,GEMELO COMERCIO E IND.LTDA,R.SANTANA,90,CENTRO,LAVRAS,MG,129,-21.2389115,-44.9986572,rua
10377,SUPERMERCADOS REX LTDA,SUPERMERCADOS REX LTDA,AV.JOSE POSSATO,163,PARQUE BOCAINA,LAVRAS,MG,19;48;68;130;900,-21.2658528,-44.9957881,rua
10380,COMERCIAL MAIOLINI LTDA,S.JUDAS TADEU,AV.MAJOR VENANCIO,361,CENTRO,VARGINHA,MG,50;60;84;101;123,-21.5612451,-45.4383433,rua
10385,LUPERCILIO CANTUARIA ROCHA ME,DOCES SERRA DOURADA,AV.PAULO CHIRADIA,44,SAO VICENTE,ITAJUBA,MG,88;92;94;155,-22.4238234,-45.4524156,cidade
10387,G & J LTDA,G & J LTDA,R.ADOLFO OLINTO,451,CENTRO,POUSO ALEGRE,MG,29;67;157;159,-22.2299137,-45.9358238,rua
10389,MERCEARIA IRMAOS CARVALHO LTDA - ME,MERC.IRMAOS CARVALHO LTDA,OLEGARIO MACIEL,47,CENTRO,POUSO ALEGRE,MG,29;67;157;159,-22.2264243,-45.9341629,rua
10399,ENEIDA MARIA PEREIRA GUIMARAES,NOVA PAD.,R.JOSE ALBERTO PELUCIO,39,CENTRO,BAEPENDI,MG,55;58;93,-21.9587493,-44.8894098,rua
10401,PAD.CONF.BAEPENDI LTDA,PAD.SUPER PAO,R.DR.CORNELIO MAGALHAES,78,CENTRO,BAEPENDI,MG,55;58;93,-21.9598481,-44.8905565,rua
10402,JOSE BENEDITO SIQUEIRA,JOSE BENEDITO SIQUEIRA,R.MANOEL ANTONIO,109,CENTRO,BAEPENDI,MG,55;58;93,-21.9590174,-44.88707,rua
10409,ANISIO R.DOS SANTOS E CIA LTDA,MERC.DO ANIZIO,R.CEL.VICENTE SEIXAS,5,CENTRO,BAEPENDI,MG,55;58;93,-21.9707501,-44.8955772,rua
10413,CARVALHO A.COM BEB E CARNES,CARVALHO A.COM BEB E CARNES,VIA RAMON,22,CARIOCA,SAO LOURENCO,MG,39;43;82,-22.1034571,-45.0526066,rua
10415,JOSE DONIZETE DA SILVA,JOSE DONIZETE DA SILVA,AV.GETULIO VARGAS,1660,VILA CARNEIRO,SAO LOURENCO,MG,39;43;82,-22.13707,-45.0540032,rua
10416,BAR DO RAFFAELE LTDA,BAR DO RAFFAELE LTDA,AV.PAULO CHIARADIA,32,SAO VICENTE,ITAJUBA,MG,88;92;94;155;183,-22.427632,-45.4539304,rua
10420,REGIS LIOMAR LISBOA,LANCHONETE MORRO CHIC,R.JOSE GOMES BUSTAMONTE,17,MORRO CHIC,ITAJUBA,MG,88;92;94;155,-22.4238234,-45.4524156,cidade
10428,MERCEARIA TONINHO LTDA,MERCEARIA TONINHO LTDA,R.IPIRANGA,339,CENTRO,CALDAS,MG,96;106;135,-21.9232093,-46.3849032,rua
10436,NEVES & NEVES PANIFICADORA LTDA  ME,NEVES & NEVES PANIFICADORA LTD,"AV.VAZ MONTEIRO , 220 B",,CENTRO,LAVRAS,MG,48;68;129;130,-21.2275308,-45.0029908,rua
10437,PANF.PRINCESA LTDA,PANF.PRINCESA LTDA,PC.JOAO PESSOA,99,CENTRO,VARGINHA,MG,50;60;84;101,-21.5487729,-45.4425698,rua
10446,PAD.E CONF.CAPRICHOSA LTDA,PAD.E CONF.CAPRICHOSA LTDA,R.CHAGAS DORIA,214,CENTRO,LAVRAS,MG,19;48;68;130,-21.2478987,-45.0066152,rua
10476,CRISTIANO DE OLIVEIRA MACIEL E CIA LTDA - ME,MERCEARIA DO LUIZ,R.FERROVIARIO JORGE CURY,107,CENTRO,SOLEDADE DE MINAS,MG,17;34;91,-22.0576559,-45.0451648,rua
10488,ELIZABETH ALVES,ELIZABETH ALVES,AV.19 DE OUTUBRO,440,JARDIM AEROPORTO,POUSO ALEGRE,MG,40;61;81;167,-22.2779374,-45.920996,rua
10491,LAZARO BENEDITO REZENDE ME,LAZARO BENEDITO REZENDE ME,AV.CAPITAO OSVINO P.DE SOUZA,161,SAO CRISTOVAO,POUSO ALEGRE,MG,40;61;81;167,-22.2343858,-45.9327241,cidade
10493,MERC.VERA LUCIA DA SILVA OLIVEIRA LTDA,MERC.VERA LUCIA DA SILVA OLIVE,R.LODONIO FERREIRA CORTES,126,JD MARIOSA,POUSO ALEGRE,MG,184,-22.2343858,-45.9327241,cidade
10497,REGINA MAURA SILVA ALMEIDA,REGINA MAURA SILVA ALMEIDA,R.JOSE AGRIPINO RIOS,50,JD.OLIMPICO,POUSO ALEGRE,MG,184,-22.2343858,-45.9327241,cidade
10499,MARIA CELESTE A.OLIVEIRA,PAES/DOCES FOCH2,R.JOSEFINA FERREIRA BOLZAN,82,FOCH  2,POUSO ALEGRE,MG,40;61;81;167,-22.251319,-45.9253287,rua
10512,AUGUSTO VIEIRA DE SOUZA,SM.VIERIRA,R.PAPA JOAO XXIII,190,CENTRO,IPUIUNA,MG,89;90;107;109,-22.0999268,-46.1885306,rua
10514,ANTONIO DE OLIVEIRA FIGUEREDO EPP,SM.PORTUGUES,R.PREF.JOAO BATISTA FILHO,102,CENTRO,IPUIUNA,MG,89;90;107;109,-22.0993203,-46.1896557,cidade
10518,SUPERMERCADO PEREZ E SOUZA LTDA - EPP,SUPERMERCADO SILVA E SOUZA LTD,RUA PREFEITO JOAO BATISTA FILHO,69,CENTRO,IPUIUNA,MG,89;90;107;109,-22.0985785,-46.1920615,rua
10528,MARIA ELIZABETH DA SILVA MARQUES - MERCEARIA,MARIA ELIZABETH DA SILVA MARQU,AV PR. MARIALDA DE OLIV.CARVALHO,15,NOSSA SENHORA DE GUADALUPE,POUSO ALEGRE,MG,61;81;157;167,-22.2343858,-45.9327241,cidade
10531,PAN.IMACULADO CORACAO DE MARIA LTDA,PAN.IMACULADO CORACAO DE MARIA,AV.EVARSITO GOMES GUERRA,1095,JD.GLORIA,LAVRAS,MG,129;904,-21.2425512,-44.9991978,cidade
10535,MARIA DE FATIMA BERNARDES SOUZA,MARIA DE FATIMA BERNARDES SOUZ,R.CAPITAO FRANCISCO LIMA,426,CENTRO,NEPOMUCENO,MG,20;66;71;178,-21.2363137,-45.2356138,rua
10536,LEITERIA TRADICIONAL LTDA,TRADICIONAL LEITERIA,R DOUTOR ERNANE VILELA LIMA,1139,CENTRO,NEPOMUCENO,MG,20;66;71;178,-21.2333784,-45.2380443,rua
10546,PAES E BOLOS NETTO LTDA,PAES E BOLOS NETTO LTDA,PRACA CONEGO VITOR,65,CENTRO,TRES PONTAS,MG,47;69;95;924,-21.3686224,-45.5122937,cidade
10552,SUPERMERCADO NOVA BORDA LTDA ME,SUPERMERCADO NOVA BORDA LTDA M,R.ALVARINA PEREIRA CINTRA,180,CENTRO,BORDA DA MATA,MG,81;89;90;107;109;144;192,-22.274167,-46.165278,cidade
10556,PANIFICADORA CARDIAL LTDA - ME,PANIF.CARDIAL LTDA,AV.CEL.JOAQUIM ROBERTO DUARTE,173,OTAVIO CAMILO LACERDA,POUSO ALEGRE,MG,29;67;157;159,-22.2343858,-45.9327241,cidade
10557,PANIF.LAPRON LTDA,PANIF.LAPRON LTDA,AV.CEL.JOAQUIM ROBERTO DUARTE,615,N.S.APARECIDA,POUSO ALEGRE,MG,29;67;157;159,-22.2343858,-45.9327241,cidade
10564,JOAO ALVES DE MORAES FILHO,JOAO ALVES DE MORAES FILHO,PC.GERONCIO FRANCO COELHO,28,N.S.APARECIDA,POUSO ALEGRE,MG,29;67;157;159,-22.2343858,-45.9327241,cidade
10565,AGENOR FRANCISCO CUSTODIO,PADARIA SANTO ANTONIO,PC.JOSE CUSTODIO FERREIRA,127,SANTO ANTONIO,POUSO ALEGRE,MG,61;81;157;167,-22.2222352,-45.9398483,rua
10566,MERCADINHO KAMIMURA MACHADO LTDA,MERCADINHO KAMIMURA MACHADO LT,PC.VER.JOSE CUSTODIO FERREIRA,137,SANTO ANTONIO,POUSO ALEGRE,MG,61;81;157;167,-22.2343858,-45.9327241,cidade
10571,PALACIO DAS VITAMINAS LTDA,PALACIO DAS VITAMINAS LTDA,PC.DOUTOR GARCIA COUTINHO,S/N,CENTRO,POUSO ALEGRE,MG,40;61;81;167,-22.2296273,-45.9373932,rua
10572,RODRIGUES & RODRIGUES SUPERMERCADOS LIMITADA,SM.CENTRAL,AV.DUQUE DE CAXIAS,260,CENTRO,POUSO ALEGRE,MG,40;54;61;67;81;159;167;192;902;949;950,-22.2316489,-45.9391055,rua
10576,OSORIO JOSE BARBOSA ME,OSORIO JOSE BARBOSA ME,AV.VER.ANTONIO DA COSTA RIOS,997,SAO GERALDO,POUSO ALEGRE,MG,184,-22.2343858,-45.9327241,cidade
10578,SUPERMERCADO POKA LTDA,SUPERMERCADO POKA LTDA,RUA PREFEITO PEDRO MOREIRA BORGES,164,CENTRO,ESTIVA,MG,29;40;54;67;167,-22.4654427,-46.0169446,rua
10583,IRMAOS BELIZARIO LTDA,IRMAOS BELIZARIO LTDA,R.PEREIRA,379,CENTRO,ESTIVA,MG,29;40;54;67;167,-22.4691915,-46.0149247,rua
10584,SUPERMERCADO GERALDO LTDA,SUPERMERCADO GERALDO LTDA,AV.PERIMETRAL PEDRO BORGES,10,CENTRO,ESTIVA,MG,29;40;54;67;167;192;926,-22.4638686,-46.0182101,cidade
10590,HIPER TETRA SUPERMERCADOS LTDA,SM.TETRA,R.BENJAMIM CONSTANT,175,CENTRO,EXTREMA,MG,11;139;140;141;143,-22.8548355,-46.3184553,cidade
10599,SUPERMERCADO E QUITANDA MINEIRA E CIA LTDA.,SM.QUITANDA MINEIRA,R.CAPITAO MANOEL GOMES,326,CENTRO,BRASOPOLIS,MG,14;36;62;80,-22.4714244,-45.618834,rua
10603,JOSE JORGE MACIEL LTDA,JOSE JORGE MACIEL LTDA,AV.CAMILO SOARES,696,CENTRO,CAXAMBU,MG,85,-21.9838188,-44.9364961,rua
10610,MAIRA MOTA ME,PAPELARIA MOTA,R.CEL.RIBEIRO PEREIRA,900,CENTRO,PASSA QUATRO,MG,55;58;93,-22.3893803,-44.9666039,cidade
10612,JOSE HORLANDO DE SOUZA & CIA,PAD.SABOR E PAO,R.DR.DANIEL DE CARVALHO,213,SANTA TEREZINHA,PASSA QUATRO,MG,55;58;93,-22.3893803,-44.9666039,cidade
10613,NILTON LEITE ME,NILTON LEITE ME,R.DR.DANIEL DE CARVALHO,286,SANTA TEREZINHA,PASSA QUATRO,MG,55;58;93,-22.3893803,-44.9666039,cidade
10614,OLIVEIRA & BARBOSA LTDA,OLIVEIRA & BARBOSA LTDA,R.FRANCISCO DE BARROS,82,SANTA TEREZINHA,PASSA QUATRO,MG,55;58;93,-22.3893803,-44.9666039,cidade
10616,JL E EVB PANIF.E LANCH.LTDA,PAD.PRIMON,R.MAJOR JOSE RIBEIRO,145,SANTA TEREZINHA,PASSA QUATRO,MG,55;58;93,-22.3822616,-44.9677632,rua
10623,PANIFICACAO SAO LOURENCO LTDA,PANIFICACAO SAO LOURENCO LTDA,R.DR.OLAVO GOMES PINTO,281,CENTRO,SAO LOURENCO,MG,39;43;85,-22.1207662,-45.052268,rua
10630,ROSANA MARIA COSTA SENNA,FAB.SORV.K BOM,AV.DANIEL DE CARVALHO,62,ESTACAO,SAO LOURENCO,MG,39;85,-22.1128875,-45.0499192,rua
10631,LANCHONETE REI DO PERNIL LTDA,LANCHONETE REI DO PERNIL LTDA,R.DOM PEDRO II,303,CENTRO,SAO LOURENCO,MG,39;82;85,-22.116389,-45.054167,cidade
10642,SUPERMERCADO MOADI EIRELI,SUPERMERCADO MOADI EIRELI,RUA DR ARLINDO LUZ,48,CENTRO,ITANHANDU,MG,17;34;91,-22.2946651,-44.9360873,rua
10644,SUPERMERCADO BOA ESPERANCA LTDA,SUPERMERCADO BOA ESPERANCA LTD,RUA NICOLAU SCARPA,201,CENTRO,ITANHANDU,MG,17;34;91,-22.297357,-44.9341856,rua
10646,GILBERTO AP.MARINHO,REST.BEIJA FLOR,R.PEDRO CUNHA,657,CENTRO,ITANHANDU,MG,17;34;91,-22.299064,-44.9410859,rua
10649,RESTAURANTE E LANCH. KENTAK LTDA ME,RESTAURANTE E LANCH. KENTAK LT,"AV.PROF.BRITO , 33 A",,CENTRO,ITANHANDU,MG,17;34;91,-22.2981098,-44.9355811,rua
10652,MARIA DO CARMO GOUVEIA FERREIRA ME,MERC/PAD.2IRMAOS,"R.DR.GABRIEL RIBEIRO FERRAZ, 10 LJ 01",,CENTRO,CRISTINA,MG,88;92;94;155,-22.212222,-45.264167,cidade
10654,BAR IRMAOS MOREIRA LTDA,BAR DO MUNDICO,R.COM.JOAO CARNEIRO,23,CENTRO,CRISTINA,MG,88;92;94;155,-22.212222,-45.264167,cidade
10663,J.J.FARIA SUPERMERCADOS LTDA LJ 02,J.J.FARIA SUPERMERCADOS LTDA L,PC.MONSENHOR CASTRO,105,CENTRO,CANDEIAS,MG,23;46;63;177,-20.7676161,-45.2763777,cidade
10664,IRMAOS TEIXEIRA RODRIGUES LTDA,IRMAOS TEIXEIRA RODRIGUES LTDA,PCA PADRE JOSE HERLEY DE ALMEIDA,41,CENTRO,CANDEIAS,MG,23;46;63;177,-20.7676161,-45.2763777,cidade
10665,LEANDRO WAGNER MARTINS E CIA LTDA,SM.J.A,R.JOAO PINTO MIRANDA,293,CRUZEIRO,CANDEIAS,MG,23;46;63;177,-20.7756679,-45.2683576,rua
10668,COMERCIAL GIMENES E OLIVEIRA LTDA,COMERCIAL GIMENES E OLIVEIRA L,RUA FRANCISCO SALES,308,CENTRO,POUSO ALEGRE,MG,81,-22.2324344,-45.9422321,rua
10669,BAR A.J. LTDA,BAR A.J. LTDA,R.SILVIANO BRANDAO,392,CENTRO,POUSO ALEGRE,MG,40;61;81;167,-22.2335271,-45.9415904,rua
10670,CARLOS CLAUDINEY DE FARIA,ANTONIO CLARET BARBOSA,AV ALTIDOURO DA COSTA RIOS,190,BELO HORIZONTE,POUSO ALEGRE,MG,184,-22.2282992,-45.898886,rua
10671,SORVETERIA TIRADENTES ME,SORVETERIA TIRADENTES ME,R.TIRADENTES,330,CENTRO,POUSO ALEGRE,MG,40;61;81;167,-22.2323411,-45.9418649,rua
10673,MARIA DO CARMO PEREIRA DA SILVA,MARIA DO CARMO PEREIRA DA SILV,R.JOSE FERREIRA DE LIMA,161,JD.FREDERICO,POUSO ALEGRE,MG,61;81;157;167,-22.2343858,-45.9327241,cidade
10680,CESUL COMERCIAL ESTRELA DO SUL LTDA,CESUL COMERCIAL ESTRELA DO SUL,R.DUQUE DE CAXIAS,150,CENTRO,BORDA DA MATA,MG,81;89;90;107;109,-22.2707941,-46.1618518,rua
10681,MINI MERCADO IRMAOS MACHADO LTDA,MERC.IRMAOS MACHADO,AV JOAO OLIVIO MEGALE,690,CENTRO,BORDA DA MATA,MG,81;89;90;107;109,-22.274167,-46.165278,cidade
10682,RUI BARBOSA,RUI BARBOSA,R.OSVALDO BARBOSA DIAS,180,N.S.DE FATIMA,BORDA DA MATA,MG,81;89;90;107;109,-22.274167,-46.165278,cidade
10687,PANIF.E CONF.FLOR DA MATA LTDA,PANIF.E CONF.FLOR DA MATA LTDA,R.DUQUE DE CAXIAS,520,N.S.APARECIDA,BORDA DA MATA,MG,81;89;90;107;109,-22.2671341,-46.1543718,rua
10689,PANIFICADORA PRIMOR LTDA ME,PANIFICADORA PRIMOR LTDA ME,RUA CALCADAO S MONTEIRO DE CARVALHO,32,CENTRO,BORDA DA MATA,MG,81;89;90;107;109,-22.274167,-46.165278,cidade
10693,PANIFICADORA MOREIRA MAGALHAES EIRELI,PANIFICADORA MOREIRA MAGALHAES,AVE JACI LARAIA VIEIRA,20,JARDIM GUANABARA,POUSO ALEGRE,MG,29;67;157;159,-22.2343858,-45.9327241,cidade
10704,DIDI RESTAURANTE & BAR LTDA,DIDI RESTAURANTE BAR,RODOVIA BR 265,59,LAGOINHA,NEPOMUCENO,MG,20;66;71;178,-21.2344929,-45.1965929,rua
10707,RESTAURANTE E CHURRASCARIA GRILL LTDA,CHURRASCARIA LAVRAS GRILL,ROD BR 265,0,GATO PRETO,LAVRAS,MG,129,-21.2425512,-44.9991978,cidade
10712,PADARIA SANTA TEREZINHA DE VARGINHA LTDA - EPP,PAD.STA TEREZINHA,AV.FRANCISCO NAVARRO,573,JD.ANDERE,VARGINHA,MG,18;44;83;102,-21.5629714,-45.4368078,rua
10714,SUPERMERCADO MAFRA LTDA,SUPERMERCADO MAFRA LTDA,AV.FERNANDO COSTA,485,CENTRO,ITANHANDU,MG,17;34;91,-22.2991792,-44.9363305,rua
10719,SUPERMERCADO KURIHARA LOJA 01,KURIHARA LOJA 01,PCA PRESIDENTE VARGAS,89,CENTRO,EXTREMA,MG,11;139;140;141;143,-22.8548355,-46.3184553,cidade
10724,SUPERMERCADO KURIHARA LTDA LOJA 02,KURIHARA LOJA 02,AV.ALCEBIADES GILLI,233,CENTRO,EXTREMA,MG,11;139;140;141;143,-22.8548355,-46.3184553,cidade
10727,CASA DE CARNES E MERCEARIA MARQUINHOS LTDA - ME,ACOU MERC MARQUINHO,R.MANOEL ANTONIO ARAUJO,322,ANGOLA,GUAXUPE,MG,10;42;86;172,-21.3016314,-46.7142243,rua
10747,MARIA IVONE FERNANDES ME,SM.PROLAR,R.LEOPOLDINO MARIANO,53,CENTRO,ITAPEVA,MG,16;31;59;117,-22.7663005,-46.22218,rua
10750,SUPERMERCADO TENORIO LTDA,SUPERMERCADO TENORIO LTDA,PC. VIRGILIO DE MELO FRANCO,126,CENTRO,BUENO BRANDAO,MG,89;90;107;109,-22.441421,-46.3475825,cidade
10751,SUPERMERCADO PADUA LTDA ME,SUPERMERCADO PADUA LTDA ME,R.BENJAMIM CONSTANT,265,CENTRO,BUENO BRANDAO,MG,89;90;107;109,-22.441421,-46.3475825,cidade
10753,FABIO LEMES GARCIA EPP,CASA GARCIA,AV.ALVARENGA PEIXOTO,348,CENTRO,INCONFIDENTES,MG,89;90;107;109,-19.9599367,-44.0364957,rua
10757,JOSE CARLOS VAZ ME,PADARIA,R.LUIZ FERRARI,87,CENTRO,ALBERTINA,MG,2;27;53;97,-22.198758,-46.6266598,rua
10758,JOAO APARECIDO PARMEZANI,SM.ROMA,PCA JOSE CORRADI,160,CENTRO,ALBERTINA,MG,2;27;53;97,-22.200556,-46.615556,cidade
10759,MARCIO ROBERTO FACANALI ME,MERCADO,R.JOSE CORRADI,110,CENTRO,ALBERTINA,MG,2;27;53;97,-22.200556,-46.615556,cidade
10760,MINIMERCADO E PANETERIA INCONFRIOS LTDA - EPP,MINIMERCADO E PANETERIA INCONF,RUA VIDAL BARBOSA,439,CENTRO,INCONFIDENTES,MG,89;90;107;109,-22.3158615,-46.3272342,rua
10763,SM.SANTOS E CAETANO LTDA,SM.SANTOS E CAETANO LTDA,R.DOM BOSCO,110,CENTRO,MARIA DA FE,MG,32;52;72;156,-22.3066401,-45.3757947,rua
10765,SUPERMERCADO CORINGAO LTDA,SUPERMERCADO CORINGAO LTDA,R.ARLINDO ZARONI,175,CENTRO,MARIA DA FE,MG,32;52;72;156,-22.3057224,-45.3830124,rua
10768,ANTONIO ZULMIRO DA SILVA,PAD.DO MIRO,AV.FRANQUEIRA,170,CENTRO,MARIA DA FE,MG,32;52;72;156,-22.3092364,-45.3717691,rua
10769,PAD.CONF.N.S.AUXILIADORA,PAD.CONF.N.S.AUXILIADORA,R.BENEDITO VALADARES,255,CENTRO,MARIA DA FE,MG,32;52;72;156,-22.3099775,-45.3699353,rua
10773,MERC.E SORVETERIA SILVA BACELAR,MERC.E SORVETERIA SILVA BACELA,R.CARMO DO RIO VERDE,S/N,CENTRO,CARMO DE MINAS,MG,17;34;91,-22.1240198,-45.1291327,rua
10775,SUPERMERCADO OURO VERDE LTDA ME,SM.OURO VERDE,R.GORGULHO,40,CENTRO,CARMO DE MINAS,MG,17;34;91,-22.1211063,-45.1281423,rua
10777,GALEGO'S SUPERMERCADO LTDA,GALEGO'S SUPERMERCADO LTDA,R.PRESEDENTE VARGAS,225,CENTRO,ITAMONTE,MG,17;34;91,-22.2830726,-44.8695785,cidade
10779,DARCI FONSECA E CIA LTDA,REST/HOTEL,R.JOAQUIM MURTINHO,66,CENTRO,ITAMONTE,MG,17;34;91,-22.2894236,-44.8677161,rua
10781,JOSE DOS REIS SILVA E CIA LTDA,JOSE DOS REIS SILVA E CIA LTDA,R.WASHINGTON LUIZ,295,BERTA,ITAMONTE,MG,17;34;91,-22.2830726,-44.8695785,cidade
10783,CELSO RIBEIRO COLOMBO ME,CELSO RIBEIRO COLOMBO ME,AV.CAMPOS  ELISIOS,229,CENTRO,ITAMONTE,MG,17;34;91,-22.2817821,-44.8654973,rua
10784,SUPERMERCADO ARCO IRIS LTDA,SM.ARCO IRIS LTDA,ROD.BR.354,824,VILA NOVA,ITAMONTE,MG,17;34;91,-22.2830726,-44.8695785,cidade
10785,SUPERMERCADO SIQUEIRA & MONTEIRO LTDA,SUPERMERCADO SIQUEIRA & MONTEI,RODOVIA BR 354,1123,VILA NOVA,ITAMONTE,MG,17;34;91,-22.2830726,-44.8695785,cidade
10787,PANIFICADORA FARIA RODRIGUES LTDA,PANIFICADORA FARIA RODRIGUES L,R.PRESIDENTE CASTELO BRANCO,15,CENTRO,CACHOEIRA DE MINAS,MG,14;36;62;80,-22.3545749,-45.7762819,rua
10788,TIAGO ACASSIO DE OLIVEIRA EPP,TIAGO ACASSIO DE OLIVEIRA EPP,R.BUENO DE PAIVA,325,CENTRO,CACHOEIRA DE MINAS,MG,14;36;62;80,-22.3862101,-45.8877971,rua
10791,DARP COMERCIAL LTDA ME,MERC.S.FRANCISCO,AV.CEL.DOMINGOS ROSA,329,CENTRO,CONCEICAO DOS OUROS,MG,14;36;62;80,-22.4132347,-45.7940654,rua
10801,SUPERMERCADOS ITAMONTE LTDA,ITA SUPERMERCADOS,R. PREF JOSE RIBEIRO P. FILHO,458,PERRONI,ITAMONTE,MG,17;34;91,-22.2830726,-44.8695785,cidade
10804,PANIF.ROCHA E SILVA LTDA EPP,BIG PAO,R.CARDOSAO,81,CENTRO,CAMPO BELO,MG,23;46;63;177,-20.8915686,-45.2757779,rua
10808,PANIF.MAX PAO,PANIF.MAX PAO,"R.FLORIANO PEIXOTO , 191 A",,CENTRO,CAMPO BELO,MG,23;46;63;177,-20.8893393,-45.2778124,rua
10809,PEG LEV SUPERMERCADO LTDA,PEG LEV SM,PRACA MENOTI DAUREA,245,CENTRO,CAMPO BELO,MG,23;46;63;177,-20.8975,-45.277223,cidade
10810,APARECIDA MARIANO DOS SANTOS,APARECIDA MARIANO DOS SANTOS,R.EDUARDO CARNEIRO,277,CENTRO,BUENO BRANDAO,MG,89;90;107;109,-22.4411648,-46.3465541,rua
10811,PADARIA DO KIKO LTDA,JOSE FRANCISCO CATUZO EPP,RUA CAPITAO EDUARDO CARNEIRO,254,CENTRO,BUENO BRANDAO,MG,89;90;107;109,-22.4411648,-46.3465541,rua
10812,ROMEU TELES DA SILVA EPP,ROMEU TELES DA SILVA EPP,R.BARAO CAMPOS MISTICO,408,CENTRO,BUENO BRANDAO,MG,89;90;107;109,-22.441421,-46.3475825,cidade
10814,SUPERMERCADO O VANTAJOSO LTDA,SUPERMERCADO O VANTAJOSO LTDA,R.CAPITAO EDUARDO CARNEIRO,353,CENTRO,BUENO BRANDAO,MG,89;90;107;109,-22.4418107,-46.3495329,rua
10823,FRANCISCO EMANOEL ALMEIDA ME,FRANCISCO EMANOEL ALMEIDA ME,R.CORONEL ERASMO CABRAL,56,CENTRO,SANTA RITA DO SAPUCAI,MG,14;36;62;80,-22.2547616,-45.7016849,rua
10825,COMERCIAL ANA ROSA LTDA,SM.DU TATO,R.AFONSO MARCONDES RIBAS,62,MONTE VERDE,MONTE VERDE,MG,16;31;59;117,-22.8722784,-46.0669339,cidade
10826,MERCADINHO EVANDRO LTDA,MERCADO EVANDRO LTDA ME,R.DAS CHACARAS,51,CENTRO,MONTE VERDE,MG,16;31;59;117,-22.8558788,-46.0249138,rua
10829,SUPERMERCADO FLORA LTDA,SUPERMERCADO FLORA LTDA,RUA LUIZ FERREIRA,125,CENTRO,PIRANGUINHO,MG,88;92;94;155,-22.4023085,-45.533925,rua
10831,AMAURI AUGUSTO DA SILVA,AMAURI AUGUSTO DA SILVA ME,RUA BRASOPOLIS,17,SANTA EFIGENIA,PIRANGUINHO,MG,88;92;94;155,-22.4046049,-45.538195,rua
10834,LUIZ RAIMUNDO DE SOUZA,LUIZ RAIMUNDO DE SOUZA,R.GERALDO FELIX DA MOTA,101,SANTA BARBARA,PIRANGUINHO,MG,88;92;94;155,-22.4029372,-45.5338952,cidade
10839,VILLELA NOGUEIRA E CIA LTDA ME,VILLELA NOGUEIRA E CIA LTDA ME,ROD.BR 354,867,CENTRO,POUSO ALTO,MG,55;58;93,-22.193889,-44.972778,cidade
10843,JOSE LAZARO NUNES,PADARIA,PC.RIBEIRO DA LUZ,499,CENTRO,POUSO ALTO,MG,55;58;93,-22.1950958,-44.9719065,rua
10849,ARTPAN FORNO & FOGAO LTDA,ART PAN PANIFICADORA,AVENIDA DOUTOR SILVIO MENICUCCI,497,NOVA LAVRAS,LAVRAS,MG,129;904,-21.2495057,-44.9928186,rua
10850,MILTON MENDONCA,DROG.STA ISABEL,ROD.ITAJUBA POCOS DE CALDAS,S/N,CENTRO,PIRANGUINHO,MG,88;92;94;155,-22.4029372,-45.5338952,cidade
10851,LEONARDO MENDES DE RESENDE,LEONARDO MENDES DE RESENDE,ROD.ITAJUBA POCOS DE CALDAS,30,QUILOMETRO 11,PIRANGUINHO,MG,88;92;94;155,-22.4029372,-45.5338952,cidade
10852,PAES E DOCES MAURIAN LTDA,PAES E DOCES MAURIAN LTDA,R.BARAO CAMPOS MISTICO,304,CENTRO,BUENO BRANDAO,MG,89;90;107;109,-22.441421,-46.3475825,cidade
10853,BAR ELETRONICA LTDA,PADARIA,R.CORONEL ERASMO CABRAL,235,CENTRO,SANTA RITA DO SAPUCAI,MG,14;36;62;80,-22.2547616,-45.7016849,rua
10864,RENE BATISTA NASCIMENTO ME,RENE BATISTA NASCIMENTO ME,PC.PRESIDENTE COSTA E SILVA,217,CENTRO,ITUTINGA,MG,19;48;68;130,-21.297383,-44.6575084,cidade
10868,CLAYTON MARTINS RIBEIRO E CIA LTDA,CLAYTON MARTINS RIBEIRO E CIA,RUA MINISTRO AURELIANO CHAVES,92,CENTRO,PIRANGUCU,MG,88;92;94;155,-22.5280226,-45.4961066,cidade
10875,JULIANA GODOY MOREIRA LOPES,SM.ELDORADO,R.NOSSA SENHORA APARECIDA,9,CENTRO,SAO GONCALO DO SAPUCAI,MG,29;67;157;167,-21.8989177,-45.5924194,rua
10891,PANIF.IRMAOS ABREU,PAD.SANTANA,R.NOSSA SENHORA DO CARMO,945,CENTRO,CAMPOS GERAIS,MG,35;47;69;95,-21.2340762,-45.7622375,rua
10898,MAURICIO JOSE DE OLIVEIRA,MAURICIO JOSE DE OLIVEIRA,AV.SAO VICENTE DE PAULO,825,CENTRO,CAMPOS GERAIS,MG,35;47;69;95,-21.2333342,-45.7584127,cidade
10905,PANIF.CRUZEIRO LTDA,PANIF.CRUZEIRO LTDA,R.CESARIO ALVIN,127,CRUZEIRO,CAMPO BELO,MG,23;46;63;177,-20.8975,-45.277223,cidade
10924,SUPERMERCADO C. S. FERNANDES LTDA,SUPERMERCADO C. S. FERNANDES L,R.JOSE TEIXEIRA,370,SANTA ROSA,ITAJUBA,MG,88;92;94;155,-22.4238234,-45.4524156,cidade
10925,MERCADO FERREIRA LTDA,MERCADO FERREIRA LTDA,AV.PINHEIRINHO,1988,BPS,ITAJUBA,MG,32;52;72;156,-22.4238234,-45.4524156,cidade
10931,PADARIA UNIAO DE MONTE SIAO LTDA,PAD.UNIAO MONTE SIAO LTDA,RUA JAIR COMUNE,377,CENTRO,MONTE SIAO,MG,2;27;53;97,-22.432778,-46.572778,cidade
10934,MERC.PRIMAVERA POUSO ALEGRE LTDA,MERC.PRIMAVERA POUSO ALEGRE LT,R.MANOEL MATIAS,277,PRIMAVERA,POUSO ALEGRE,MG,29;40;67;159,-22.2235413,-45.9362883,rua
10936,COUTINHO E FRANCO LTDA,COUTINHO E FRANCO LTDA,AV.SAO FRANCISCO,465,PRIMAVERA,POUSO ALEGRE,MG,29;40;67;159,-22.221308,-45.9377314,rua
10939,MERCADINHO PONTO ALTO LTDA,SM. PONTO ALTO,R.SAO PEDRO,03,CENTRO,POUSO ALEGRE,MG,29;67;157;159,-22.2247266,-45.934442,rua
10941,CARLOS DE ALMEIDA PADILHA,PAD.STA EDWIRGES,AV.SAO FRANCISCO,349,PRIMAVERA,POUSO ALEGRE,MG,29;40;67;159,-22.221308,-45.9377314,rua
10954,SM.BONIFACIO LTDA,SM.BONIFACIO LTDA,AV.VEREADOR DA COSTA RIOS,998,SAO GERALDO,POUSO ALEGRE,MG,40;54;61;81;167;192,-22.2550333,-45.9378226,rua
10959,PEDRO JOSE DE SOUZA,PEDRO JOSE DE SOUZA,R.LEAO DE FARIA,77,CENTRO,ALFENAS,MG,25;41;87;160,-21.417389,-45.9510824,rua
10960,LANCHONETE J CARLOS BARBOSA LTDA,LANCH.QUI DELICIA,PRACA GETULIO VARGAS,138,CENTRO,ALFENAS,MG,25;41;87;160,-21.4300388,-45.9473188,rua
10968,ABASTECEDORA JABORANDI LTDA,BARONESA,R.ANTONIO SCODELER,280,FAISQUEIRA,POUSO ALEGRE,MG,33;54;67;192;926;949;950,-22.2343858,-45.9327241,cidade
10981,MANOEL MESSIAS ELIZARIO,MANE DO FRANGO,AV.DR.MODENA,547,FATIMA,VARGINHA,MG,50;60;84;101,-21.5609145,-45.4531661,rua
10991,LAURA MARIA MARTINS ME,LAURA MARIA MARTINS ME,AV.JOAO BERALDO,585,CENTRO,POUSO ALEGRE,MG,40;61;81;167,-22.2268928,-45.9407343,rua
11025,MAURO SERGIO PEREIRA - ME,MAURO SERGIO PEREIRA - ME,R.ANTONIO SCODELER,3745,FAISQUEIRA,POUSO ALEGRE,MG,29;40;67;159,-22.2343858,-45.9327241,cidade
11026,RICARDO RIBEIRO BUSTAMANTE ME,RICARDO RIBEIRO BUSTAMANTE ME,R.ARTHUR GORGULINO DE SOUZA,105,FEDERAL,SAO LOURENCO,MG,39;43;82,-22.1233356,-45.0460773,rua
11032,RICARDO A.KOBAYASHI E CIA LTDA,BELL PAO,R.SILVIANO BRANDAO,321,CENTRO,POUSO ALEGRE,MG,40;61;81;167,-22.2335271,-45.9415904,rua
11047,CASA DAS BOLACHAS LTDA,CASA DAS BOLACHAS LTDA,AV.SAO VICENTE DE PAULA  BOX 9,204,SAO VICENTE,ITAJUBA,MG,92;94;155;183,-22.4238234,-45.4524156,cidade
11048,SUPER MERCADO PILAR LTDA,RED.UNISUL,"AV.DOUTOR VICENTE SANCHES, 86 SL 92",,VARGINHA,ITAJUBA,MG,88;92;94;155;183;193;906,-22.4238234,-45.4524156,cidade
11058,FERNANDO DE SOUZA,FERNANDO DE SOUZA,AV.DR.LINCOLIN WESTIN DA SIVEIRA,2529,CENTRO,ALFENAS,MG,25;41;87;160,-21.4297405,-45.9479419,cidade
11060,JOSE SINEVAL PEREIRA & CIA LTDA,PAD.NORONHA,R.ALBERTINA COUTINHO REZENDE,219,JD.NORONHA,POUSO ALEGRE,MG,184,-22.2339578,-45.945884,rua
11069,"FIVE STARS LANCHONETE,PIZZARIA LTDA",FIVE STARS LANCH.PIZZARIA LTDA,PCA TEODOMIRO SANTIAGO,49,CENTRO,ITAJUBA,MG,183,-22.4238234,-45.4524156,cidade
11072,PAD.GUIMARAES LTDA ME,PAD.GUIMARAES LTDA ME,R.MIGUEL BRAGA,522,BOA VISTA,ITAJUBA,MG,32;52;72;156,-22.4249929,-45.4612071,rua
11076,LANCHONETE E CONF.ALVORADA LTDA,LANCHONETE E CONF.ALVORADA LTD,AV.LEVINO RIBEIRO COUTO - BOX 9 TERM.ROD,S/N,CENTRO,POUSO ALEGRE,MG,40;61;81;167,-22.2343858,-45.9327241,cidade
11078,BUCK COMERCIO ALIMENTOS LTDA,BUCK COMERCIO ALIMENTOS LTDA,AV.LEVINO RIBEIRO COUTO BOX 21,S/N,CENTRO,POUSO ALEGRE,MG,33,-22.2343858,-45.9327241,cidade
11089,AZEITONAS RESTAURANTE LTDA,AZEITONAS RESTAURANTE,R DOUTOR JOAO SILVA PENA,38,CENTRO,LAVRAS,MG,129,-21.2422075,-44.9982318,rua
11090,PAN.ASSIS ALVES E SILVA LTDA,PAD.BICHO PAPAOII,AV.LEON JOFRE AVAYON,810,CRUZEIRO DO SUL,LAVRAS,MG,129,-21.2425512,-44.9991978,cidade
11093,G E PRODUTOS ALIMENTICIOS LTDA,PAD.ARTE PAO,R.COMANDANTE NELIO,62,JD.FLORESTA,LAVRAS,MG,19;48;68;130;904,-21.2591828,-44.9954455,rua
11095,RODOSNACK MINASGRILL LANCH.E REST.LTDA,RODOSNACK MINASGRILL LANCH.E R,ROD.BR 381  KM 674,685,ZONA RURAL - BH,RIBEIRAO VERMELHO,MG,20;66;71;178,-21.1565611,-45.1157559,rua
11096,MERC.ROBERTO E MARIANO LTDA,MERC.ROBERTO E MARIANO LTDA,R.COMANDANTE NELIO,94,JD.FLORESTA,LAVRAS,MG,129;904,-21.2626696,-44.9984271,rua
11116,SUPERMERCADO SOUZA ANDRADE LTDA,SM.PINHEIROS,AVENIDA JOVINO FERNANDES SALLES,930,JARDIM ALVORADA,ALFENAS,MG,25;41;87;124;160,-21.4225768,-45.983101,rua
11118,ADRIANO APARECIDO DE DEUS,ADRIANO APARECIDO DE DEUS,AV GOVERNADOR VALADARES,391,CENTRO,ALFENAS,MG,25;41;87;160,-21.419529,-45.9472165,rua
11120,PADARIA E CONFEITARIA CRUZEIRO LTDA,PAD.E CONF.CRUZEIRO LTDA,RUA JOAO DE SOUZA SOBRINHO,568,VILA BETANIA,ALFENAS,MG,25;41;87;160;924,-21.4192513,-45.9539846,rua
11123,FLAVIO DOS SANTOS TREZINARI,FLAVIO DOS SANTOS TREZINARI,PC.JOSE PROCOPIO JUNQUEIRA,20,CENTRO,CAREACU,MG,29;67;157;159,-22.0432185,-45.7002075,rua
11124,PAD.E LANCH.MODELO LTDA,PAD.E LANCH.MODELO LTDA,PC.CEL.JOSE PROCOPIO JUNQUEIRA,62,CENTRO,CAREACU,MG,29;67;157;159,-22.0434124,-45.6995247,cidade
11130,MARIA DE FATIMA DA SILVA DIDIER,ARMAZEM OLIVEIRA,R.JOSE JOAQUIM GOUVEIA,191,CENTRO,CAREACU,MG,29;67;157;159,-22.0411004,-45.6986827,rua
11134,CINEZIO DE MELO ME,CINEZIO DE MELO ME,RUA BELO HORIZONTE,233,CENTRO,SAO SEBASTIAO DA BELA VISTA,MG,29;67;157;167,-22.1597652,-45.7560313,rua
11135,MERCADINHO BEIRA RIO LTDA,MERCADINHO BEIRA RIO LTDA,PC.JOSE PROCOPIO JUNQUEIRA,100,CENTRO,CAREACU,MG,29;67;157;159,-22.0428549,-45.6995919,rua
11143,JOSE RAIMUNDO FIRMINO ME,JOSE RAIMUNDO FIRMINO ME,AVENIDA JOSE DE SOUZA NOGUEIRA,625,SANTA ROSA,ITAJUBA,MG,88;92;155;183,-22.4533546,-45.4202667,rua
11146,VITORIO FERREIRA NETO EIRELI,SM.S.PAULO,R.RUI BARBOSA,171,CENTRO,ALFENAS,MG,25;41;87;124;160,-21.4275189,-45.9451055,rua
11158,MERCEARIA MACHADO & MACHADO LTDA,MERCEARIA MACHADO & MACHADO LT,AV.ANTONIO MACHADO,461,NITEROI,ITUMIRIM,MG,19;48;68;130,-21.3234079,-44.864994,rua
11167,EDUARDO BASTOS PEREIRA E CIA LTDA,EDUARDO BASTOS PEREIRA E CIA L,AV.REGIS BITTENCURT,7,CENTRO,PERDOES,MG,20;66;71;178,-21.0919737,-45.0903543,cidade
11170,PANIFICADORA LUIGUI LTDA,PANIFICADORA LUIGUI,RUA 1 DE JUNHO,30,CENTRO,PERDOES,MG,20;66;71;178,-21.0919806,-45.0898953,rua
11171,SUPERMERCADO FREIRE EIRE,SM.FREIRE LTDA,AV.DR.REGIS BETENCOURT,240,CENTRO,PERDOES,MG,20;66;71;178,-21.0919737,-45.0903543,cidade
11183,MARISTELA DISTRIBUIDORA LTDA,MARISTELA DISTRIBUIDORA LTDA,AV.FREDERICO DE PAULA CUNHA,557,MARISTELA,SANTA RITA DO SAPUCAI,MG,14;36;62;80;193;906,-22.2450893,-45.7072951,rua
11187,BENEDITO GREGORIO,PAD.GREGORIO,R.ALICE ROSA TAVARES,281,FERNANDES,SANTA RITA DO SAPUCAI,MG,14;36;62;80,-22.2440321,-45.7123214,rua
11190,TRESAN COMERCIAL DE ALIMENTOS LTDA,TRESAN COMERCIAL DE ALIMENTOS,PCA SAGRADO CORACOES,20,CENTRO,BRASOPOLIS,MG,14;36;62;80,-22.4742842,-45.6165577,cidade
11200,FRANCISCO PAULO FONSECA,CASA DA ECONOMIA,AV DAS ESTRELAS,220,PINHEIRINHOS,PASSA QUATRO,MG,55;58;93,-22.4166306,-44.9816148,rua
11203,CARLOS ROBERTO RODRIGUES MACIEL ME,PAD.PAIS/FILHOS,R.PROF.PEDRO F.DE SOUZA,91,CENTRO,CRUZILIA,MG,55;58;93,-21.838333,-44.808056,cidade
11209,SM.MANGIA LTDA,SM.MANGIA LTDA,R.CEL.SERAFIM PEREIRA,376,CENTRO,CRUZILIA,MG,55;58;93,-21.8442384,-44.812766,rua
11224,MARIA HELENA TEIXEIRA SOUZA,MERC.DO CHICO,R.CHAGAS DORIA,483,CENTRO,LAVRAS,MG,129,-21.2478987,-45.0066152,rua
11227,PADARIA E CONFEITARIA NOVO,PAD.CONF.NOVO PAO LTDA,AVE JOAO DA SILVA COSTA,105,VILA CARNEIRO,ITANHANDU,MG,17;34;91,-22.2957913,-44.9366732,cidade
11236,SUPERMERCADO LORENA LTDA,SUPERMERCADO LORENA LTDA,AV.JUSCELINO K. DE OLIVEIRA,23,CENTRO,DELFIM MOREIRA,MG,32;52;72;156,-22.5086783,-45.2792398,cidade
11237,PAULO MARCIO CUNHA FERREIRA,MERCEARIA STA EDWIGES,R.WENCESLAU BRAZ,9,CENTRO,DELFIM MOREIRA,MG,32;52;72;156,-22.5086783,-45.2792398,cidade
11261,SUP.AMARAL & SANTOS LTDA ME,REDE SMART,R.BERNARDINA RUTTEN,22,VISTA ALEGRE,PERDOES,MG,20;66;71;178,-21.097242,-45.0910141,rua
11262,PANIF.HUAY LTDA,PANIF.HUAY LTDA,R.FRANCISCO N.DE ANDRADE,30,CENTRO,PERDOES,MG,20;66;71;178,-21.0919737,-45.0903543,cidade
11263,ADILSON CARVALHO RESENDE,PANIF.EL SHADDAI,R.DAS CAMELIAS,64,VISTA ALEGRE,PERDOES,MG,20;66;71;178,-21.1001348,-45.0919657,rua
11267,COCEL.COMERCIO CEREALISTA LTDA,COCEL.COMERCIO CEREALISTA LTDA,R.PEDRO CAPITALUCCI,175,VILA NOVA,PERDOES,MG,20;66;71;178,-21.0985356,-45.0862654,rua
11269,COMERCIAL HUAY LTDA,COMERCIAL HUAY LTDA,R.ADALBERTO REZENDE,820,N.S.DAS GRACAS,PERDOES,MG,20;66;71;178,-21.0919737,-45.0903543,cidade
11294,SUPERMERCADO IRMAOS TORRES LTDA,SUPERMERCADO IRMAOS TORRES LTD,R.PREF.DILERMANDO OLIVEIRA,511,CENTRO,CONCEICAO DO RIO VERDE,MG,17;34;91,-21.881078,-45.0868526,cidade
11305,BENEDITO FERNANDES EPP,SM.CIGANO,R.CAMPOS SALLES,129,CENTRO,CONGONHAL,MG,89;90;107;109,-22.1532505,-46.0404698,cidade
11312,COMERCIAL KLEBER SOUZA LTDA,SM.SOUZA,AV.JOAO GONCALVES DE LIMA,321,NOVA GIMIRIM,POCO FUNDO,MG,15;30;64;99,-21.7741891,-45.9654738,rua
11323,PAULO MONTEIRO DE ALMEIDA,BAR DO PAULO,R.JOSE CAPISTRANO DE SOUZA,628,BOA VENTURA,TRES CORACOES,MG,26;38;70;162,-21.6886805,-45.2358519,rua
11324,BAR E PADARIA SAO TOME LTDA,BAR E PADARIA SAO TOME LTDA,AV.CEL.FRANCISCO A.PEREIRA,6,CENTRO,TRES CORACOES,MG,26;38;70;162,-21.695625,-45.2543675,cidade
11332,SUPERMERCADO DO JACI LTDA ME,SUPERMERCADO DO JACI LTDA ME,RUA DR ERNANE VILELA LIMA,772,CENTRO,NEPOMUCENO,MG,20;66;71;178,-21.231456,-45.2438813,rua
11339,JUNQUEIRA LUZ E CIA LTDA ME,JUNQUEIRA LUZ E CIA LTDA ME,R.RUI BARBOSA,27,CENTRO,TRES CORACOES,MG,26;38;70;162,-21.6984382,-45.2563195,rua
11349,ANTONIO DIVINO ALVES,ANTONIO DIVINO ALVES,R.PROF.FILGUEIRAS,139,PALESTINA,PERDOES,MG,20;66;71;178,-21.0915887,-45.0853641,rua
11358,BAR E MERC.LANCH.JBR LEITE LTDA,BAR E MERC.LANCH.JBR LEITE LTD,R.EVANGELINA RENO GOMES,163,MEDICINA,ITAJUBA,MG,88;92;94;155,-22.4238234,-45.4524156,cidade
11374,MERCADO REAL LTDA ME,MERCADO REAL,R.CABO BENEDITO ALVES,2092,COTIA,TRES CORACOES,MG,26;38;70;162,-21.7142972,-45.263079,rua
11384,MILTON MANOEL RAFAEL,MILTON MANOEL RAFAEL,R.JOAO PAULINO DAMACENO,1016,SANTA RITA,ALFENAS,MG,25;41;87;160,-21.4297405,-45.9479419,cidade
11389,PANIFICADORA E MERCADO BONI PAO LTDA,PANIFICADORA E MERCADO BONI PA,R.OTACILIO P.,45,COTIA,TRES CORACOES,MG,26;38;70;162,-21.7064163,-45.2786219,rua
11390,PANIF.E CONF.MARIELLE LTDA,PANIF.E CONF.MARIELLE LTDA,R.CABO B.ALVES,2754,COTIA,TRES CORACOES,MG,26;38;70;162,-21.695625,-45.2543675,cidade
11404,ADEMAR RAIMUNDO AMARAL,ADEMAR RAIMUNDO AMARAL,R.AMERICA DE MOURA MAIA,105,J.SAO PAULO,LAVRAS,MG,129,-21.2425512,-44.9991978,cidade
11409,LUIS TADEU DE SALES,MERC.DO TADEU,AV.JUSCELINO KUBITSCHEK,285,CENTRO,LAVRAS,MG,129,-21.2425512,-44.9991978,cidade
11411,RODRIGO VENTORINI ARANTES,RODRIGO VENTORINI ARANTES,R.JOSE MOREIRA,84,CENTRO,LAVRAS,MG,19;48;68;130,-21.2442237,-45.0019494,rua
11459,CRF SUPERMERCADO LTDA,SM.DO NELIO,R.SAO PAULO,198,ROSARIO,ALPINOPOLIS,MG,3;37;100;161,-20.8683904,-46.3857203,rua
11466,REAL SUPERMERCADO LTDA,REAL SUPERMERCADO LTDA,R.ALCINDO CAMBRAIA,55,CENTRO,SANTO ANTONIO DO AMPARO,MG,20;66;71;178,-20.9413389,-44.9187397,cidade
11480,LUCIMAR INACIO DA SILVEIRA,LUCIMAR INACIO DA SILVEIRA,RUA CORONEL BENJAMIM GUIMARAES,1589,DOM BOSCO,OLIVEIRA,MG,73;74,-20.6971953,-44.8273969,cidade
11486,CDP - CASA DO PAO PADARIA LTDA,LUIZ HENRIQUE DE CASTRO ME,RUA FRANCISCO BARRETO,99,CENTRO,OLIVEIRA,MG,73;74,-20.6927126,-44.8283499,rua
11539,COM.COELHO E FAMILIA,SM.DELACASA,R.DR.JOSE BISCARO,70,CENTRO,VARGINHA,MG,50;60;84;101,-21.5631223,-45.4278239,rua
11551,PADARIA ALEMA LTDA - ME,PADARIA ALEMA LTDA - ME,R.RIO DE JANEIRO,203,CENTRO,VARGINHA,MG,18;44;83;102,-21.542568,-45.4397943,rua
11567,PANIF.ZAP LTDA,PANIF.ZAP LTDA,R.RUI BARBOSA,338,CENTRO,LAVRAS,MG,129,-21.2495843,-45.0049936,rua
11575,SUPERMERCADO SEGREDO LTDA,SUPERMERCADO SEGREDO LTDA,R.FRANCISCO BARRETO,445,SANTO ANTONIO,OLIVEIRA,MG,73;74,-20.6927292,-44.8282042,rua
11576,PADARIA E MERCEARIA NICACIO LTDA,PADARIA E MERCEARIA NICACIO LT,RUA ALAGOAS,241,ROSARIO,OLIVEIRA,MG,73;74,-20.6887886,-44.831557,rua
11581,OSMAR ALVARENGA ME,MERC.JOMAP,R.PROF.TOALBA E.COSTA,115,SAO FRANCISCO,CAMPO BELO,MG,23;46;63;177,-20.8975,-45.277223,cidade
11585,JOSE JORGE CORREIA,CASA CORREIA,R.CEZARIO ALVIM,171,CENTRO,CAMPO BELO,MG,23;46;63;177,-20.8975,-45.277223,cidade
11587,EDIR DE PAIVA ALVE ME,EDIR DE PAIVA ALVE ME,R.ARLINDO PEDRO DA COSTA,183,CENTRO,AGUANIL,MG,23;46;63;177,-20.9404058,-45.3845634,rua
11594,SM.PADRE CELSO LTDA,SM.PADRE CELSO LTDA,R.FLAVIO FERREIRA SILVA,174,CENTRO,CRISTAIS,MG,23;46;63;177,-20.8727737,-45.5182477,rua
11596,IMPORIUM SUPERMERCADO EIRELI,IMPORIUM SUPERMERCADO EIRELI,AV.JOAQUIM PAULA REIS,09,CENTRO,CRISTAIS,MG,23;46;63;177,-20.8763765,-45.5178806,rua
11597,ARMAZEM NANETTE LTDA,ARMAZEM NANETTE LTDA,PC.TIRADENTES,66,CENTRO,AGUANIL,MG,23;46;63;177,-20.9429263,-45.3921234,rua
11613,MERCADINHO MONTE ALTO LTDA ME,MERCADINHO MONTE ALTO LTDA ME,ROD.FERNAO DIAS KM 812,S/N,CRUZ ALTA,POUSO ALEGRE,MG,29;40;61;67;81;167,-22.2343858,-45.9327241,cidade
11614,RESTAURANTE DESCANSO DE POUSO ALEGRE LTDA,RESTAURANTE DESCANSO DE POUSO,ROD FERNAO DIAS  KM 868 + 250 M,S/N,FAZENDA GRANDE,POUSO ALEGRE,MG,184,-22.2343858,-45.9327241,cidade
11617,SUPERMERCADO RIBEIRO & RIBEIRO LTDA,SUPERMERCADO MANECO,AV.DR.ARTHUR RIBEIRO GUIMARAES,151,JD.NORONHA,POUSO ALEGRE,MG,54;61;81;157;167;192,-22.2343858,-45.9327241,cidade
11626,MARIA CLARICE VILAS BOAS RIBEIRO,MARIA CLARICE VILAS BOAS RIBEI,RUA GERALDINO CAMPISTA,458,SANTO ANTONIO,ITAJUBA,MG,32;52;72;156,-22.4333497,-45.4647825,rua
11629,MERCADINHO DO TIAOZINHO LTDA  ME,MERC.DO TIAOZINHO,AV.CLEMENTE TEODORO SILVA,892,VILA RUBENS,ITAJUBA,MG,32;52;72;156,-22.4114402,-45.4673406,rua
11630,PADARIA IPE LTDA,PADARIA IPE LTDA,RUA DR CORNÉLIO MAGALHÃES,230,CENTRO,BAEPENDI,MG,55;58;93,-21.9598481,-44.8905565,rua
11631,SINVAL LOPES ALVES ME,SINVAL LOPES ALVES ME,R.LEONINA VALENTE,336,LAVRINHA,BAEPENDI,MG,55;58;93,-21.956241,-44.8675551,rua
11646,ISABEL CRISTINA DE GOES,ISABEL CRISTINA DE GOES,RUA ALBERTO PACIULLI,1436,SANTA EDWIGES,POUSO ALEGRE,MG,29;67;157;159,-22.2221922,-45.9399787,rua
11653,SM.PAJEU LTDA,SUPERMERCADO PAJEÚ,AV.CELMA FERREIRA OTONI,3097,SION,VARGINHA,MG,18;44;83;102,-21.5565914,-45.4340674,cidade
11657,RAFAEL RIBEIRO ALVES ME,RAFAEL RIBEIRO ALVES ME,R.CAPITAO JOAO EVARISTO,394,JD.AMERICA,CARMO DO RIO CLARO,MG,3;37;100;161,-20.9734719,-46.1228276,rua
11661,MARIA DE FATIMA PEREIRA PADILHA,MARIA DE FATIMA P.PADILMA,RUA TAMOIOS,230,DOM BOSCO,OLIVEIRA,MG,73;74,-20.6947221,-44.8409199,rua
11663,MARIA CELIA RESENDE FONTES ME,MARIA CELIA RESENDE FONTES ME,R.ANTONIO NOTINI,22,CENTRO,CARMO DA MATA,MG,73;74,-20.5654298,-44.8678394,rua
11667,ALVARENGA PIMENTA E PIMENTA LTDA,PANIF.TRIGO PAN,R.JOAO MARTINS DINIZ,340,ALTO DAS MERCES,CAMPO BELO,MG,23;46;63;177,-20.8696879,-45.2820573,rua
11672,CARLOS GABRIEL DOS REIS,CARLOS GABRIEL DOS REIS,R.ENG.FRIZOTTI AGOSTINI,127,CENTRO,TRES CORACOES,MG,26;38;70;162,-21.695625,-45.2543675,cidade
11676,DENILSON SILVA DOS REIS,BAR DO DENILSON,R.PLINIO PEDRO MARTINS,241,CENTRO,SAO THOME DAS LETRAS,MG,26;38;70;162,-21.7218272,-44.9849435,cidade
11678,BERNARDES DE SOUSA E CIA LTDA,SM.S.JOSE LOJA 2,AV.MIGUEL NASSAR,816,CENTRO,SAO BENTO ABADE,MG,26;38;70;123;162,-21.5855557,-45.0719638,rua
11683,PANIF.E LANCH.MARCA DAGUA LTDA,PANIF.E LANCH.MARCA DAGUA LTDA,PCA CEL.JOSE VIEIRA,136,CENTRO,PARAISOPOLIS,MG,14;36;62;80,-22.5541683,-45.7800024,cidade
11686,CLAUDIA PATRICIA GUEDES MATIAS - ME,ATACADO DA CLAUDIA,RUA SILVIANO BRANDAO,809,CENTRO,PARAISOPOLIS,MG,14;36;62;80,-22.5481333,-45.7795603,rua
11691,UNISSUL SUPERMERCADOS S/A,UNISSUL SUPERMERCADOS S/A,R.DUQUE DE CAXIAS,500,CENTRO,PARAISOPOLIS,MG,14;36;62;80;183;193,-22.5523632,-45.7816937,rua
11694,SUPERMERCADO NOBRE LTDA,SM NOBRE LTDA,R.SAUDADE,245,V.BETANIA,ALFENAS,MG,25;41;87;124;160,-21.4186074,-45.9553668,rua
11697,ANTONIO MARCOS FERREIRA,PAD.ALGO +,R.DA CHAPADA,540,CENTRO,ELOI MENDES,MG,50;60;84;101,-21.6039454,-45.5641976,rua
11702,GERALDO FERREIRA ROCHA,SORV.DO GERALDINO,PC.DA BANDEIRA,6,CENTRO,ELOI MENDES,MG,50;60;84;101,-21.6084058,-45.565465,rua
11704,J.A.COMERCIO E TRANSPORTE LTDA,MERCEARIA,AV.DA PAZ,136,CENTRO,ELOI MENDES,MG,50;60;84;101,-21.6225504,-45.5745386,rua
11705,SM.GUADALARRARA LTDA,SM.GUADALARRARA LTDA,RUA CEL JOAQUIM BRASILIANO PEREIRA,295,CENTRO,ELOI MENDES,MG,50;60;84;101,-21.6085767,-45.5700508,rua
11709,JOAO BATISTA DE PAIVA,JOAO BATISTA DE PAIVA,PC.DA BANDEIRA,174,CENTRO,ELOI MENDES,MG,50;60;84;101,-21.6084058,-45.565465,rua
11710,CLAYDER SEBASTIAO CANAAN LTDA,DROGARIA SAO SEBASTIAO,PRACA FUED CANAA,38,CENTRO,CARMO DA MATA,MG,73;74,-20.558334,-44.8703774,cidade
11725,VICENTE JULIO DE AGUIAR,MERC.FREITAS AGUIAR,R.ISAULINA SALDANHA CORREIA,150,VILA BRAGANCA,CAMPO BELO,MG,23;46;63;177,-20.8975,-45.277223,cidade
11728,J FERREIRA DE OLIVEIRA & FILHOS LTDA,J FERREIRA DE OLIVEIRA & FILHO,R.EVARISTO SILVA,5,CENTRO,CAMPO BELO,MG,23;46;63;177,-20.9015992,-45.2777557,rua
11753,SN COMERCIO DE ALIMENTOS LTDA - ME,SM DO NEGUINHO,R.ESPIRITO SANTO,948,SANTA INES,TRES PONTAS,MG,35;47;69;95,-21.3652206,-45.4982895,rua
11767,JOSE LUCATELI E CIA LTDA,SM.MODERNA,R.SANTO ANTONIO,130,CENTRO,JACUTINGA,MG,2;27;53;97,-22.2873593,-46.6109819,rua
11769,JAIR LABEGALINI EPP,JAIR LABEGALINI EPP,R.ANTONIO MACHADO FLORENCE,594,PQ.CEL.RENNO,JACUTINGA,MG,2;27;53;97,-22.2798229,-46.6025653,rua
11778,JACY PINTO ALVARENGA ME,JACY PINTO ALVARENGA ME,R.LORENCO CASTANHO,716,FEIRA,CAMPO BELO,MG,23;46;63;177,-20.8975,-45.277223,cidade
11782,LANCH.E PANIF.PAO NOSSO LTDA ME,LANCH.E PANIF.PAO NOSSO LTDA M,R.JOAO FRANCISCO BORGES,3,FLORESTA,CAMPO BELO,MG,23;46;63;177,-20.8973937,-45.2632902,rua
11792,SUPERMERCADO JAGELIM LTDA,SUPERMERCADO JAGELIM LTDA,PC.PREF.ELIAS ANTONIO FILHO,144,CENTRO,IJACI,MG,20;66;71;178,-21.1700929,-44.9280621,cidade
11801,VAI & VEM SUPERMERCADO LTDA,VAI & VEM SUPERMERCADO,RUA ANTONIO SCODELER,985,FAISQUEIRA,POUSO ALEGRE,MG,29;40;67;159,-22.2343858,-45.9327241,cidade
11808,R.R.J.C.COMERCIAL LTDA ME,R.R.J.C.COMERCIAL LTDA ME,AV.BARAO DO RIO BRANCO,255,CENTRO,CONCEICAO DOS OUROS,MG,14;36;62;80,-22.4183947,-45.7997181,rua
11809,MERC.E QUITANDA OURENSE,MERC.E QUITANDA OURENSE,AV.BARAO DO RIO BRANCO,256,CENTRO,CONCEICAO DOS OUROS,MG,14;36;62;80,-22.4143728,-45.7980197,rua
11813,COMERCIAL MARYSE LTDA,COMERCIAL MARYSE LTDA,R.6 DE AGOSTO,47,CENTRO,CONCEICAO DOS OUROS,MG,14;36;62;80,-22.4124143,-45.797067,cidade
11833,PAN.SANTA CLARA LTDA,PAN.SANTA CLARA LTDA,AV.FERNANDO COSTA,221,CENTRO,ITANHANDU,MG,17;34;91,-22.2991792,-44.9363305,rua
11838,SUELY DE FATIMA SILVA & CIA LTDA ME,MERCEARIA SUELY,ESTRADA VELHA TRONQUEIRA,42,TRONQUEIRAS,PASSA QUATRO,MG,55;58;93,-22.3893803,-44.9666039,cidade
11843,PANIF.E CONF.SANTANA,PANIF.E CONF.SANTANA,R.ARMANDO PAULA MENBERG,555,CENTRO,CAMPO DO MEIO,MG,35;47;69;95,-21.1072006,-45.8301735,cidade
11844,SM.PRIMUS LTDA,SM.PRIMUS LTDA,R.PRES.ANTONIO CARLOS,873,CENTRO,CAMPOS GERAIS,MG,35;47;69;95;124,-21.2333342,-45.7584127,cidade
11847,VICENTE DIAS PALMAO,VICENTE DIAS PALMAO,R.GENERAL OSORIO,274,SAO BENEDITO,CAMPOS GERAIS,MG,35;47;69;95,-21.2395301,-45.7606345,rua
11849,LEONARDO ARAUJO DE CARVALHO,PAD.PRIMAVERA,R.07 DE SETEMBRO,262,CENTRO,CAMPOS GERAIS,MG,35;47;69;95,-21.2333342,-45.7584127,cidade
11866,CASTELINHO LANCHES LTDA,REST.CASTELINHO,R.CAPITAO PINTO,133,CENTRO,CRUZILIA,MG,55;58;93,-21.8412812,-44.8112591,rua
11869,BAR E RESTAURANTE SANDRELE LTDA,SANDRELE 1,RODOVIA BR 381,S/N,ZONA RURAL,LAVRAS,MG,129,-21.3048888,-45.1563225,rua
11870,MERC.E ACOUGUE VISTA ALEGRE,MERC.E ACOUGUE VISTA ALEGRE,AV.REGIS BITENCOURT,116,CENTRO,PERDOES,MG,20;66;71;178,-21.0971308,-45.0877716,rua
11874,MOTERANI & FILHO LTDA EPP,SM.AVENIDA,AV.DOM BOSCO,424,CENTRO,PARAGUACU,MG,15;30;64;99;124,-21.5498758,-45.7319888,rua
11879,CASA SANTA TEREZINHA,CASA SANTA TEREZINHA,RUA JOSE CAMILO DA COSTA,9,CENTRO,PARAGUACU,MG,15;30;64;99,-21.5527192,-45.739208,rua
11880,ADEMIR GERALDO LOPES,MERC.MUNICIPAL,"PC.PEDRO LEITE, BOX 4",,CENTRO,PARAGUACU,MG,15;30;64;99,-21.5506787,-45.7372152,rua
11887,ROZELI APARECIDA FELIPE BRITO,ROZELI APARECIDA FELIPE BRITO,R.CAMARAO,168,CENTRO,TRES PONTAS,MG,35;47;69;95,-21.3714897,-45.5135406,rua
11889,JAIR ROCHA FERREIRA JR,SM.ROCHA,"AV.BRASIL, 179 B",,CATUMBI,TRES PONTAS,MG,35;47;69;95,-21.368534,-45.5196895,rua
11891,J.MARQUES COMERCIO ALIMENTOS LTDA,SM.MARQUES,R.SAO PAULO,345,PADRE VITOR,TRES PONTAS,MG,35;47;69;95,-21.3664705,-45.4975582,rua
11896,VANDERLEI NATALINO PINHEIRO,VANDERLEI NATALINO PINHEIRO,R.DOM PEDRO I,70,CENTRO,IBITURUNA,MG,19;48;68;130,-21.1515725,-44.7474347,cidade
11899,RICARDO MARQUES CARDOSO,RESTAURANTE BONANZA,RUA OTAVIO CARLOS,106,CENTRO,BOM SUCESSO,MG,20;66;71;178,-21.0357013,-44.7600694,rua
11900,SUPERMERCADO JOTA EFFE LTDA - EPP,SUPERMERCADO JOTA EFFE LTDA -,PC.SAO JOSE,234,CENTRO,BOM SUCESSO,MG,20;66;71;178,-21.0300568,-44.7508109,rua
11901,SUPERMERCADO FENIX LTDA,SUPERMERCADO FENIX LTDA,PC.SAO JOSE,211,CENTRO,BOM SUCESSO,MG,20;66;71;178,-21.0300568,-44.7508109,rua
11906,SUPERMERCADO TIAO BRAGA LTDA - EPP,SUPERMERCADO TIAO BRAGA LTDA -,R.CEL.OTAVIO CARLOS,121,CENTRO,BOM SUCESSO,MG,20;66;71;178,-21.0323516,-44.7598082,cidade
11911,SM.MARILU LTDA,SM.MARILU LTDA,R.OURO PRETO,19,CENTRO,PIRACEMA,MG,133;170,-20.5103491,-44.4794869,rua
11913,MERCEARIA DALDEGAN LTDA,MERCEARIA DALDEGAN,RUA MAJOR ANTONIO LUIZ,343,CENTRO,ITAGUARA,MG,133;170;933,-20.3936972,-44.4968908,rua
11915,PAD.E MERCEARIA VITORIA ME,PAD.E MERCEARIA VITORIA ME,AV.DR.ANTONIO GERALDO OLIVEIRA,326,CENTRO,ITAGUARA,MG,133;170,-20.3903397,-44.4892823,rua
11923,COMERCIAL EUGENIO E FILHOS LTDA,COMERCIAL EUGENIO E FILHOS LTD,R.2 DE NOVEMBRO,139,CENTRO,BOA ESPERANCA,MG,23;46;63;177,-21.0969813,-45.5615376,rua
11925,RESTAURANTE BALANCA LTDA EPP,RESTAURANTE BALANCA LTDA EPP,RODOVIA FERNAO DIAS BR 381 KM 850,S/N,IPIRANGA,POUSO ALEGRE,MG,29;67;159,-22.239664,-45.8815074,rua
11926,PORTEIRA GAUCHA GRILL LTDA,CHURRASCARIA FERNANDAO,ROD.FERNAO DIAS KM  831,S/N,YPIRANGA,POUSO ALEGRE,MG,184,-22.2343858,-45.9327241,cidade
11936,SUPERMERCADO CENTRAL DE TOLEDO LTDA,SUPERMERCADO CENTRAL,RUA VITORIA,337,CENTRO,TOLEDO,MG,11;139;140;141,-22.7415729,-46.3721235,rua
11942,SINEZIO GIOVANI,SINEZIO GIOVANI,R.D.MARIA CIBELE,11,SAO JOSE,PEDRALVA,MG,32;52;72;156,-22.2500877,-45.4682698,rua
11948,SUPERMERCADO FERREIRA POCO FUNDO LTDA,SUPERMERCADO FERREIRA,R.CAPITAO ANTONIO GONCALVES,463,CENTRO,POCO FUNDO,MG,15;30;64;99,-21.7830926,-45.9664983,rua
11951,BENEDITO AMAURI DA SILVA ME,SM/PAD.MODELO,R.ANA UMBELINA,9,CENTRO,CRISTINA,MG,88;92;94;155,-22.2126601,-45.2642911,rua
11952,LUCINEIA MOREIRA MENDES,LUCINEIA,AV.GOVERNADOR VALADARES,6,CENTRO,CRISTINA,MG,88;92;94;155,-22.212222,-45.264167,cidade
11959,ALFREDELINO DE CARVALHO,ALFREDELINO DE CARVALHO,R.DR.JOSE DOS SANTOS,52,CENTRO,LAMBARI,MG,61;81;157;159,-21.9755035,-45.3479875,rua
11961,NELSON GREGATTI FELIX,NELSON GREGATTI FELIX,R.FRANCISCO DE CASTRO FILHO,48,CENTRO,LAMBARI,MG,61;81;157;159,-21.9750537,-45.347268,rua
11964,T.O.BRITO CIA LTDA ME,T.O.BRITO CIA LTDA ME,R.DR.ARNALDO BARBOSA,26,FATIMA,VARGINHA,MG,50;60;84;101,-21.5547603,-45.4416282,rua
11970,ELISEI & ELISEI LTDA ME,MINI BOX SALVADOR ELISEI,R.DOMINGOS MONTERANI,148,SAO GERALDO,VARGINHA,MG,18;44;83;102,-21.5565914,-45.4340674,cidade
11977,ZILDA DE FATIMA FLOR,ZILDA DE FATIMA FLOR,R.GERALDO CARVALHO RIBEIRO,209,BARREIRO,BOM SUCESSO,MG,20;66;71;178,-21.0255681,-44.7568318,rua
11981,JAIR ANTONIO ALVES MONTEIRO ME,JAIR ANTONIO ALVES MONTEIRO ME,R.JOAQUIM CARLOS DE CARVALHO,151,BARREIRO,BOM SUCESSO,MG,20;66;71;178,-21.0282377,-44.7555017,rua
11983,MERCADINHO SILVEIRA LTDA,MERCADINHO SILVEIRA LTDA,R.OTAVIO CARLOS,104,CENTRO,BOM SUCESSO,MG,20;66;71;178,-21.0357013,-44.7600694,rua
11984,LOURENCO PAULO DOS REIS,LOURENCO PAULO DOS REIS,R.JOAO MARTINS FERREIRA,1091,INDUSTRIAS,BOM SUCESSO,MG,20;66;71;178,-21.021078,-44.7465023,rua
11999,MANOEL ROMERO DE SOUZA EPP,SM.ROMERO,R.ANTONIO TELLES,739,DA RADIO,SANTA RITA DO SAPUCAI,MG,14;36;62;80,-22.2486968,-45.7064507,cidade
12003,PABLO CHAGAS DE OLIVEIRA ME,MERC.MUNIC,"AVENIDA ANTONIO PAULINO  , 01 BOX 09",,CENTRO,SANTA RITA DO SAPUCAI,MG,14;36;62;80,-22.2486968,-45.7064507,cidade
12011,SONIA REGINA DOS SANTOS ME,SM.ALIANÇA,RUA OSWALDO REYNALDO,14,CENTRO,WENCESLAU BRAZ,MG,88;92;94;155,-22.5342367,-45.3614735,cidade
12012,MARIA APARECIDA COURA ALKIMIN,MARIA APARECIDA COURA ALKIMIN,R.DR.ALBINO ALVES FILHO,23,CENTRO,DELFIM MOREIRA,MG,32;52;72;156,-22.508037,-45.2787472,rua
12030,EVERALDO F PALMA EIRELI,NILZA DIAS FERNANDES PALMA ME,PC.CONEGO MONTE RASO,254,CENTRO,VIRGINIA,MG,55;58;93,-22.333333,-45.091666,cidade
12044,MERCEARIA E PADARIA PAO DE MEL DA CAMPANHA,MERCEARIA E PADARIA PAO DE MEL,R.DR.LUIS FERNANDES,146,GUANABARA,CAMPANHA,MG,26;38;70;162,-21.8361108,-45.401986,cidade
12054,SUPERMERCADO BUENO E SILVA LTDA,SUPERMERCADO BUENO E SILVA LTD,RUA AFONSO DE VILHENA PAIVA,45,CENTRO,LAMBARI,MG,61;81;157;159,-21.9710427,-45.3495845,rua
12067,MAURI FERRARI,MERCEARIA FERRARI,R.CALIFORNIA,123,VILA BARCELONA,VARGINHA,MG,18;44;83;102,-21.5509167,-45.4309968,rua
12071,MERCEARIA JGA EIRELI,MERCEARIA POPULAR,RUA AIMORES,600,IPANEMA,CLAUDIO,MG,73;74,-20.438731,-44.7606302,rua
12073,COMERCIAL NUTRIMAIS LTDA,COMERCIAL NUTRIMAIS LTDA,AV.ARAGUAIA,1779,SAO GERALDO,CLAUDIO,MG,73;74,-20.4422111,-44.7740012,rua
12077,CHURRASCARIA BEIRA RIO LTDA,CHURRASCARIA BEIRA RIO,ROD BR 494,S/N,LOC BOA VISTA,CLAUDIO,MG,73;74,-20.4032329,-44.7618365,cidade
12083,LOPES BACELAR & CIA LTDA ME,SM.PEGUE PAGUE,R.MANIA FRANQUEIRA,41,CENTRO,CARMO DE MINAS,MG,17;34;91,-22.1216655,-45.1323836,cidade
12095,ROSEMEIRE GOMES - ME,ROSEMEIRE GOMES - ME,R.N.S.APARECIDA,479,CENTRO,RIBEIRAO VERMELHO,MG,20;66;71;178,-21.1881942,-45.0627632,cidade
12097,SUPERMERCADO NOSSA SENHORA DA GUIA LTDA.,CAMILO DOS ANJOS ZANOLI,R.FRANCISCO MOURAO,37,CENTRO,RIBEIRAO VERMELHO,MG,20;66;71;178,-21.188292,-45.0600604,rua
12099,MARIA TERESA PEREIRA COELHO,SM.DELACASA,R.SANTA TEREZINHA,345,CATANDUVA,VARGINHA,MG,50;60;84;101,-21.5648358,-45.4410332,rua
12103,JOSE RAIMUNDO DOS SANTOS,JOSE RAIMUNDO DOS SANTOS,R.ORLANDO FERREIRA,250,CENTRO,CARRANCAS,MG,19;48;68;130,-21.4887518,-44.6432501,rua
12116,POSTO SUPER TIGRE LTDA,POSTO HUNGRY TIGER,"AV.PRINCESA DO SUL, 1100 A",,JARDIM ANDERE,VARGINHA,MG,50;60;84;101;123,-21.5852758,-45.4394309,rua
12125,COMERCIAL GENARO PIMENTA LTDA ME,COMERCIAL GENARO PIMENTA LTDA,AV.MAGALHAES PINTO,176,CENTRO,SANTANA DO JACARE,MG,23;46;63;177,-20.9011208,-45.1307168,rua
12130,LEITERIA MERC.SUPER.PIERROTTI LTDA,REDE VALOR,AV.JULIO CALIL,291,CENTRO,CAMBUQUIRA,MG,26;38;70;162,-21.8551855,-45.2950047,rua
12140,GRAZIELLA PIRES GARCIA DE,GRAZIELLA PIRES GARCIA DE MELO,RUA PREFEITO JOAO BATISTA FILHO,11,CENTRO,IPUIUNA,MG,89;90;107;109,-22.0985785,-46.1920615,rua
12143,ALAN LUIZ DE SOUZA,ALAN LUIZ DE SOUZA,RODOVIA JUSCELINO K.OLIVEIRA,2762,BELA VISTA,IPUIUNA,MG,89;90;107;109,-22.0993203,-46.1896557,cidade
12159,MERCEARIA CAMPESTRE LTDA,MERC./ACOUG.CAMPESTRE,R.DEP.CARLOS LUZ,29,CENTRO,TRES CORACOES,MG,26;38;70;162,-21.6952563,-45.257178,rua
12173,RODRIGUES SALES LTDA,DOCERIA,PC.GETULIO VARGAS,250,CENTRO,VARGINHA,MG,50;60;84;101,-21.557754,-45.439028,rua
12192,SUPERMERCADO OLIVEIRA & FILHOS LTDA,SUPERMERCADO OLIVEIRA & FILHOS,R.VIGARIO PENIDO,81,CENTRO,SAO GONCALO DO SAPUCAI,MG,29;54;67;157;167,-21.8948013,-45.5901231,rua
12202,DIRCELENA PEREIRA ME,DIRCELENA PEREIRA ME,R.SABINO MARQUES PADILHO,466,SANTA EDWIRGES,CAMBUI,MG,51;56;98;116;923,-22.6122501,-46.0572137,cidade
12206,SOARES & FILHOS LTDA,SOARES & FILHOS LTDA,R.DA FLORESTA,202,CRUZEIRO,ITAJUBA,MG,88;92;94;155,-22.4164538,-45.4412579,rua
12208,GORGULHO & SILVA LTDA,SHIITAKE RESTAURANTE ORIENTAL,AVENIDA BPS,929,PINHEIRINHO,ITAJUBA,MG,183,-22.4206476,-45.4549888,rua
12224,EMILIANO RIBEIRO,EMILIANO RIBEIRO,R.PADRE FRANCISCO DE ANDRADE,83,CENTRO,NAZARENO,MG,19;48;68;130,-21.2189807,-44.6151354,cidade
12240,ORG.JUNQUEIRA AGROPECUARIA LT,LANCHONETE CURRAL DE MINAS,ROD.BR 381 KM 607 FRADIGUES,S/N,FRADIGUES,OLIVEIRA,MG,73;74,-20.6971953,-44.8273969,cidade
12248,CEREALISTA MOREIRA LTDA,SUPERMERCADO MOREIRA,RUA SILVIANO BRANDAO,910,CENTRO,CONGONHAL,MG,89;90;107;109;941,-22.1519301,-46.0434233,rua
12260,MERCADO SAO FRANCISCO LTDA - ME,MERCADO SAO FRANCISCO LTDA - M,R.FELIX DOS SANTOS,2200,LAVRINHA,BAEPENDI,MG,55;58;93,-21.9570754,-44.8761834,rua
12263,AGRIPINO ALVES DE FREITAS NETO,AGRIPINO ALVES DE FREITAS NETO,R.MARIO NETO,84,VILA NOVA,SAO LOURENCO,MG,43;82;85,-22.1257343,-45.0506549,rua
12294,MARCELO GOMES RIBEIRO ME,MARCELO GOMES RIBEIRO ME,PC.MONSENHOR DUTRA,240,CENTRO,GONCALVES,MG,88;92;94;155,-22.6595338,-45.8567457,rua
12296,SUPERMERCADO CENTRAL DE PARAISOPOLIS LTDA,SUPERMERCADO CENTRAL DE PARAIS,R.SILVIANO BRANDAO,765,CENTRO,PARAISOPOLIS,MG,14;36;62;80,-22.5570818,-45.7802037,rua
12299,DOMINGOS SAVIO COSTA,SM.STA HELENA,R.VINICIO DE OLIVEIRA,4,VILA BETANIA,ALFENAS,MG,25;41;87;160,-21.4297405,-45.9479419,cidade
12304,SUPERMERCADO NOSSA SENHORA DO CARMO LJ 3 LTDA,SUPERMERCADO RUSSI,R.JUSCELINO KUBISTCHEK OLIVEIRA,122,CENTRO,CARMO DA CACHOEIRA,MG,26;38;70;162,-21.460556,-45.223334,cidade
12309,DIAS SUPERMERCADO LTDA,DIAS SM,AVENIDA DOS FERROVIARIOS,601,BOA VISTA,ITAJUBA,MG,32;52;72;156;193,-22.4218003,-45.4632045,rua
12324,JANE CRISTINA MOREIRA DE PAULA,DEGRAUS,R.NORBERTO HERMENEGIL DO ANJOS,375,CENTRO,MONTE BELO,MG,110;112;113,-21.3225052,-46.3649768,cidade
12326,SUPERMERCADO FARIA DE ITAPECERICA LTDA,SUPERMERCADO FARIA DE ITAPECER,RUA JK,200,CENTRO,ITAPECERICA,MG,73;74;121,-20.4738532,-45.0402537,rua
12327,DEPOSITO DE PAES OJAN LTDA,DEPOSITO DE PAES OJAN LTDA,RUA RODRIGUES PEREIRA,12,CENTRO,ITAPECERICA,MG,73;74,-20.4706379,-45.1262768,rua
12333,COMERCIAL IRMAOS SCHIAVAN EPP,COMERCIAL IRMAOS SCHIAVAN EPP,R.MARANHAO,189,JD.CAMPO MISTICO,BUENO BRANDAO,MG,89;90;107;109,-22.4398274,-46.3428834,rua
12334,JOSE ROBERTO BONAMICHI,JOSE ROBERTO BONAMICHI,R.ALVARENGA PEIXOTO,425,CENTRO,INCONFIDENTES,MG,89;90;107;109;144,-15.9972086,-41.2747769,rua
12350,J.J.FARIA SUPERMERCADOS LTDA LJ01,J.J.FARIA SUPERMERCADOS LTDA L,AV.17 DE DEZEMBRO,644,CENTRO,CANDEIAS,MG,23;46;63;177,-20.7693973,-45.275165,rua
12357,SM.LICO II LTDA ME,SM.LICO II LTDA ME,R.MAESTRO AUGUSTO TELES,32,JUQUITA,SANTA RITA DO SAPUCAI,MG,14;36;62;80,-22.2413416,-45.7078488,rua
12359,CASSIA SUPERMERCADOS TT LTDA,SM.CASSIA,R.LUIS ANTONIO,2,SANTA TEREZINHA,PASSA QUATRO,MG,55;58;93,-22.3893803,-44.9666039,cidade
12363,RENATO FRANCISCO DOS SANTOS,RENATO FRANCISCO DOS SANTOS,R.MAXIMILIANO MODESTO PEREIRA,191,ROSARIO,PERDOES,MG,20;66;71;178,-21.0862911,-45.0951256,rua
12386,PAULO MURY,SM.MURY,R.PREF.DILERMANDO OLIVEIRA,549,CENTRO,CONCEICAO DO RIO VERDE,MG,17;34;91,-21.881078,-45.0868526,cidade
12393,HELOISA HELENA CABRAL REIS,HELOISA HELENA CABRAL REIS,RUA JUVENAL GABRIEL ASSUNCAO,249,CENTRO,CAMPO DO MEIO,MG,35;47;69;95,-21.1109392,-45.8315204,rua
12401,M MARTINS FERREIRA EIRELI - ME,SM.MARTINS,AV.LUIZ FINOCHIO,132,SANTA RITA,BOA ESPERANCA,MG,23;46;63;177,-21.0951148,-45.5492714,rua
12402,EDSON ALVES DA COSTA LTDA,LEITERIA DO EDINHO,AV.JOAO JULIO DE FARIA,855,NOVA ERA,BOA ESPERANCA,MG,23;46;63;177,-21.0957484,-45.5560576,rua
12406,ERIA AP.DE SOUZA TANA,ERIA AP.DE SOUZA TANA,R.CONEGO JOSE MARIA RABELO,142,CENTRO,TRES PONTAS,MG,35;47;69;95,-21.3671752,-45.5055272,rua
12412,BAR E MERC.IRMAOS VILELA LTDA,BAR E MERC.IRMAOS VILELA LTDA,AV.EMBAIXADOR BILAC PINTO,170,BARACA,SANTA RITA DO SAPUCAI,MG,14;36;62;80,-22.2236843,-45.7180349,rua
12413,VALDEMAR MAIA ME,SM.S.PAULO,AV.EMBAIXADOR OLAVO BILAC PINTO,96,REC.DAS MARGARIDAS,SANTA RITA DO SAPUCAI,MG,14;36;62;80,-22.2486968,-45.7064507,cidade
12415,PAULO INACIO DE MAGALHAES CLETO,PAULO INACIO DE MAGALHAES CLET,RUA RODOLFO GUERINO ADAMI,30,FAMILIA ANDRADE,SANTA RITA DO SAPUCAI,MG,14;36;62;80,-22.2529494,-45.7085882,rua
12416,BAR BARACAT LTDA EPP,BAR BARACAT LTDA EPP,AV.EMBAIXADOR BILAC PINTO,900,REC.MARGARIDAS,SANTA RITA DO SAPUCAI,MG,14;36;62;80,-22.2236843,-45.7180349,rua
12422,SUPERMERCADO PEREIRA LTDA - EPP,SM.PEREIRA,PC.CEL.FLAVIO,100,CENTRO,MONSENHOR PAULO,MG,26;38;70;162,-21.757778,-45.541111,cidade
12423,PANIF.MENDES LTDA ME,PANIF.MENDES LTDA ME,JOSE AMERICO,439,CENTRO,MONSENHOR PAULO,MG,26;38;70;162,-21.7561893,-45.5415636,rua
12430,GIANE AP. PRUDENCIO ME,GIANE AP. PRUDENCIO ME,R.ALVORADA,379,AREAO,SANTO ANTONIO DO AMPARO,MG,20;66;71;178,-20.9392952,-44.927226,rua
12434,VANUIR RODRIGUES JUNIOR  ME,SM.BI,R.PRESIDENTE VARGAS,89,CENTRO,MUNHOZ,MG,11;139;140;141,-22.613056,-46.360556,cidade
12436,MARCIA DO CARMO RODRIGUES HIRAHARA - ME,MARCIA DO CARMO RODRIGUES HIRA,RUA PRESIDENTE VARGAS,27,CENTRO,MUNHOZ,MG,11;139;140;141,-22.613056,-46.360556,cidade
12437,SUPERMERCADO ESTRELA LTDA,SUPERMERCADO ESTRELA LTDA,R.MANOEL QUEIROZ,95,CENTRO,ITAPEVA,MG,16;31;59;98;117;143,-22.7661554,-46.2254971,rua
12445,SUPER ECONOMICO LTDA,SUPER ECONOMICO LTDA,R.DOS ITALIANOS,169,CENTRO,LAMBARI,MG,61;81;157;159,-21.9763947,-45.3484315,rua
12448,JOSE LUPINACCI,SUP.N.S.AP.,AV.MATO GROSSO,157,JD.DEA,JACUTINGA,MG,2;27;53;97,-22.2908019,-46.6150325,rua
12457,ILLEN KERA MENDES PEIXOTO,SM.CATUMBI,"AV.BRASIL , 399 B",,CATUMBI,TRES PONTAS,MG,35;47;69;95,-21.368534,-45.5196895,rua
12462,CARLOS EDUARDO SANTOS MACIEL,CARLOS EDUARDO SANTOS MACIEL,R.TRISTAO SOARES DA SILVA,236,IPIRANGA,CRUZILIA,MG,55;58;93,-21.8453867,-44.8120408,rua
12469,VERA LUCIA PEREIRA MASSAFERA,VERA LUCIA PEREIRA MASSAFERA,R.JUSCELINO KUBITSCHEK,10,BREJINHO,CRUZILIA,MG,55;58;93,-21.838333,-44.808056,cidade
12472,SERGIO FRANCISCO BALDUINO,SERGIO FRANCISCO BALDUINO,PC.TIRADENTES,31,CENTRO,JACUTINGA,MG,2;27;53;97,-22.2861072,-46.6147064,rua
12485,MINI MERCADO NOVO HORIZONTE LTDA,M.M.NOVO HORIZONTE,AV.PRES.TANCREDO NEVES,1689,CENTRO,PEDRALVA,MG,32;52;72;156,-22.2430204,-45.4659326,cidade
12487,JOSE CARLOS BORGES,CASA BORGES,PC.JOSE MARIA DE SOUZA,17,CENTRO,CONCEICAO DOS OUROS,MG,14;36;62;80,-22.4124143,-45.797067,cidade
12489,LUCAS COSTA DIONISIO ME,LUCAS COSTA DIONISIO ME,LOCAL ALTO DAS CRUZES,S/N,ALTO DAS CRUZES,CACHOEIRA DE MINAS,MG,14;36;62;80,-22.3554043,-45.7796324,cidade
12491,GRACA ISABEL DE ARANTES REIS ME,GRACA ISABEL DE ARANTES REIS M,RUA SEBASTIAO BRANDAO DOS REIS,288,CENTRO,JESUANIA,MG,17;34;91,-21.998985,-45.2930703,rua
12492,J.FARIA NETO E CIA LTDA,J.FARIA NETO E CIA LTDA,R.ERNESTO RODRIGUES DA SILVA,171,CENTRO,JESUANIA,MG,17;34;91,-22.0002137,-45.2880207,rua
12499,QUENIA EDNEI GUIMARAES ME,SUPERMERCADO UNIÃO,AV.JULIO FONSECA,315,SAO FRANCISCO,VARGINHA,MG,18;44;83;102,-21.5641977,-45.4192396,rua
12506,SUPERMERCADO E ACOUGUE KR CENTER LTDA - ME,SM.KR CENTER,R.PAULO VI,66,CENTRO,BOM REPOUSO,MG,51;56;98;116;923,-22.4652127,-46.149565,rua
12521,PADARIA SOBERANA LTDA - ME,PANIF.SOBERANA,R.PADRE GREGORIO,123,CENTRO,ITAGUARA,MG,133;170,-20.391389,-44.488055,cidade
12530,ISMAEL DE OLIVEIRA SALES,ISMAEL DE OLIVEIRA SALES,R.OTACILIO NEGRAO DE LIMA,509,CENTRO,LAVRAS,MG,129,-21.2527706,-45.0020299,rua
12532,FRIVAL DISTRIBUIDORA DE ALIMENTOS LTDA ME,FRIVAL DISTRIBUIDORA DE ALIMEN,AV.JOAO SOARES LEITE,146,JD.PANORAMA,ALFENAS,MG,25;41;87;160,-21.4394466,-45.9513147,rua
12534,PADARIA E CONFEITARIA SAO GABRIEL LTDA,PAD E CONFEITARIA SAO GABRIEL,R.JOSE RAIMUNDO FILHO,239,ALTO DAS MERCES,CAMPO BELO,MG,114,-20.8847338,-45.274646,rua
12548,ARMANDO RIBEIRO DE ALMEIDA,ARMANDO RIBEIRO DE ALMEIDA,R.JOAO PINHEIRO,46,CENTRO,OURO FINO,MG,2;27;53;97,-22.2801425,-46.3721602,rua
12549,ANTONIO CARLOS DE ALMEIDA-CPF 306.517.946-68-EPP,PADARIA SAO FRANCISCO,R.TREZE DE MAIO,1520,CENTRO,OURO FINO,MG,2;27;53;97,-22.2904627,-46.3837798,rua
12567,PEDRO BENEDITO AZEVEDO,M.MERC.S.PEDRO,"R.PREF.JOSE SERRA, 173 B",,CENTRO,OURO FINO,MG,2;27;53;97,-22.283056,-46.369167,cidade
12569,ORGANIZACAO REAL LTDA LOJA 04,ORGANIZACAO REAL LTDA LOJA 04,R.FRANCISCO GIBRAN,490,S.BENEDITO,CAMPO BELO,MG,23;46;63;177,-20.8975,-45.277223,cidade
12570,ORGANIZACAO REAL LTDA LOJA 01,ORGANIZACAO REAL LTDA LOJA 01,R.DOM PEDRO II,397,CENTRO,CAMPO BELO,MG,23;46;63;177;900,-20.8991693,-45.2696982,rua
12588,SUPERMERCADO PRIMOS DE OURO FINO LTDA ME,SUPERMERCADOS PRIMOS,CORONEL PAIVA,22,CENTRO,OURO FINO,MG,2;27;53;97,-22.2818232,-46.3672015,rua
12607,CEDIL EMPREENDIMENTOS LTDA,CEDIL EMPREENDIMENTOS LTDA,R.OTHAN CARVALHO SIQUEIRA,104,ACACIO RIBEIRO,OLIVEIRA,MG,73;74,-20.6971953,-44.8273969,cidade
12613,PEDRO DAINEZI,SM.DAINEZI,R.MANOEL JESUINO DE CARVALHO,790,CENTRO,OURO FINO,MG,2;27;53;97,-22.2679186,-46.3656402,rua
12615,DAINEZI FERNANDES LTDA ME,MINI MERCADO POPULAR,R.BIAS FORTES,293,DO ALTO,OURO FINO,MG,2;27;53;97,-22.283056,-46.369167,cidade
12619,JESSE BERNARDES DA SILVA,JESSE BERNARDES DA SILVA,R.TRES CORACOES,1139,SAO JOAO,POUSO ALEGRE,MG,61;81;157;167,-22.239596,-45.964298,rua
12620,PADARIA E CONFEITARIA DO CONTORNO LTDA. - EPP,PADARIA CONTORNO,R.JUCELINO KUBISTCHECK,60,SAO JOAO,POUSO ALEGRE,MG,61;81;157;167,-22.2343858,-45.9327241,cidade
12623,MARILIA DE OLIVEIRA CUNHA,MARILIA DE OLIVEIRA CUNHA,AV.PREF.OLAVO GOMES OLIVEIRA,1640,FOCH,POUSO ALEGRE,MG,184,-22.2343858,-45.9327241,cidade
12624,REST.E LANCH SERVSUL LTDA,REST.E LANCH SERVSUL LTDA,RODOVIA FERNAO DIAS KM 859,S/N,CRUZ ALTA,POUSO ALEGRE,MG,29;61;67;81;157;167,-22.3363959,-45.9230082,rua
12651,"LOJA 1,99 DO RODOLFO LTDA - ME","LOJA 1,99 DO RODOLFO LTDA - ME",RUA PREFEITO JOAO BATISTA FILHO,177,CENTRO,IPUIUNA,MG,89;90;107;109,-22.0985785,-46.1920615,rua
12657,SUPERMERCADO E PADARIA SANTA EDWIRGES LTDA,SUPERMERCADO SANTA EDWIRGES,AV.DOS IMIGRANTES,1250,VARGEM,VARGINHA,MG,18;44;83;102,-21.5535351,-45.4233424,rua
12673,ANTONIO CAETANO FERREIRA ME,ANTONIO CAETANO FERREIRA ME,R.PAPOULAS,16,JD.YARA,POUSO ALEGRE,MG,40;61;81;167,-22.2402002,-45.9438637,rua
12678,MOACYR SM COMERCIO LTDA,MOACYR SM COMERCIO LTDA,R.NOSSA SENHORA D AJUDA,496,CENTRO,TRES PONTAS,MG,35;47;69;95;124,-21.3754188,-45.5111702,rua
12682,SUPER 100 SUPERMERCADO LTDA,SM PONTO 100,RUA DOUTOR RUBENS RIBEIRO,174,CENTRO,NEPOMUCENO,MG,20;66;71;178,-21.232744,-45.2352276,cidade
12704,SUPERMERCADO ITALIANO LTDA,SM.DO ITALIANO,R.DR.CARVALHO DE MENDONCA,87,PADRE VICTOR,TRES PONTAS,MG,35;47;69;95,-21.3639436,-45.4981593,rua
12708,ADALTON REZENDE- PADARIA,ADALTON REZENDE PADARIA ME,RUA WALDEMAR DE ABREU,252,SANTA EFIGENIA,LAVRAS,MG,129;904,-21.2639935,-44.9907305,rua
12709,CASA SANTO ANTONIO LTDA ME,CASA SANTO ANTONIO LTDA ME,AV.GOVERNADOR MAGALHAES PINTO,04,CENTRO,BORDA DA MATA,MG,81;89;90;107;109,-22.274167,-46.165278,cidade
12711,CARLOS ROBERTO DE MORAES,SM.N.S.APARECIDA,RUA EDUARDO AMARAL,554,CENTRO,BORDA DA MATA,MG,81;89;90;107;109,-22.2722977,-46.1673854,rua
12721,DIRCEIA EMILIA DELFINO DA ROSA EPP,SM.SANTA RITA,AVENIDA DR.NOTHEL TEIXEIRA,147,SANTA LUZIA,POUSO ALEGRE,MG,61;81;157;167,-22.2343858,-45.9327241,cidade
12746,VANIA LUCIA SANTOS MAGALHAES,VANIA LUCIA SANTOS MAGALHAES,R.MAJOR B.MACHADO,136,CENTRO,BOM SUCESSO,MG,20;66;71;178,-21.0323516,-44.7598082,cidade
12751,GIOVANI FERREIRA RIBEIRO,GIOVANI FERREIRA RIBEIRO,RUA CEL.CARLOS CAIAFA,400,PRESEPIO,CAMPOS GERAIS,MG,35;47;69;95,-21.2356783,-45.7619814,rua
12756,CANDIDO DE CASTRO GONCALVES EIRELI,MARCOS PORTO BRITO EIRELI,RUA CRISPIM GOMES PINTO,285,CENTRO,VIRGINIA,MG,55;58;93,-22.3344418,-45.0941538,rua
12758,SOUZA LOBO & CIA LTDA,BAR E MERCEARIA GUIMARAES,R JOAO DE ALMEIDA,189,CENTRO,SAO SEBASTIAO DO RIO VERDE,MG,55;58;93,-22.2160501,-44.9789891,rua
12759,SUPERMERCADO VITALINO LTDA,SUPERMERCADO VITALINO LTDA,R.PADRE GREGORIO,214,CENTRO,ITAGUARA,MG,133;170,-20.391389,-44.488055,cidade
12761,GEOVANE A.BRUGNARA ME,PANIF.BRUGNARA,R.PADRE GREGORIO,69,CENTRO,ITAGUARA,MG,133;170,-20.391389,-44.488055,cidade
12764,SM.CRISTAL LTDA,SM.CRISTAL LTDA,R.IRMAO ARNALDO ISIDORO,244,CENTRO,MACHADO,MG,15;30;64;99;124,-21.679991,-45.9255688,rua
12774,HELIO MARQUES ROCHA ME,HELIO MARQUES ROCHA ME,AV.TANCREDO NEVES,1325,CENTRO,PEDRALVA,MG,32;52;72;156,-22.248071,-45.4696873,rua
12780,SUPERMERCADO FERNANDAO LTDA,SUPERMERCADO FERNANDAO LTDA,R.VISARID CAMILO,271,CENTRO,BOM SUCESSO,MG,20;66;71;178,-21.0323516,-44.7598082,cidade
12782,PANIFICADORA PANNE VITA LTDA,PANIF.PANNE E VITTA,RUA CORONEL JOSE P MENDES,86,CENTRO,ELOI MENDES,MG,50;60;84;101,-21.6094466,-45.5660211,cidade
12797,NILZA DE ALMEIDA SOUZA RABELO,NILSA DE ALMEIDA SOUZA RABELLO,RUA PADRE FRANCISCO,636,SANTO ANTONIO,CARMOPOLIS DE MINAS,MG,133;170,-20.5284796,-44.6317791,rua
12800,CONF E PAD DO RAFAEL LTDA,CONF E PAD DO RAFAEL LTDA,R.TRISTAO SOARES DA SILVA,10,YPIRANGA,CRUZILIA,MG,55;58;93,-21.8453867,-44.8120408,rua
12801,LANCHONETE DORINO LTDA,LANCHONETE CASTELO,RODOVIA FERNAO DIAS BR 381 KM 685 SUL,SN,ZONA RURAL,RIBEIRAO VERMELHO,MG,20;66;71;178;904,-21.1881942,-45.0627632,cidade
12818,SUPERMERCADO VIEIRA GIANNINI LTDA ME,SM.PONTO CERTO,PC.LUIS GIANINI,36,CENTRO,ESPIRITO SANTO DO DOURADO,MG,15;30;64;99,-22.046666,-45.950833,cidade
12843,ARMAZEM SERRA DE IJACY LTDA,SM.BORGES,R.JOSE MARTINS,839,SERRA DE IJACI,IJACI,MG,20;66;71;178,-21.1870747,-44.9124791,rua
12844,N F SUPERMERCADOS LTDA,N F SUPERMERCADOS LTDA,R CONSELHEIRO MAYRINK,238,CENTRO,CAXAMBU,MG,39;43;82;85;922,-21.9755872,-44.9311403,cidade
12845,ROGERIO LUIZ DE FREITAS - ME,CENTER SHOP,RUA DR OLAVO GOMES PINTO,160,CENTRO,SAO LOURENCO,MG,39;43;82,-22.1207662,-45.052268,rua
12848,PANIF.PANINO LTDA,PANIF.PANINO LTDA,AV.DAMIAO JUNQUEIRA DE SOUZA,790,FEDERAL,SAO LOURENCO,MG,39;43;82,-22.1096316,-45.0384915,rua
12888,COMERCIAL CALSAVARA MELO LTDA,COMERCIAL CALSAVARA MELO LTDA,AV.NESTLE,513,SANTA TEREZA,TRES CORACOES,MG,26;38;70;162,-21.7031693,-45.2513143,rua
12896,CARLEONE ANDRADE DA SILVA LTDA,CLAIR APARECIDA LOPES DA SILVA,RUA DOUTOR GENTIL,125,CRISOLIA,CRISOLIA (OURO FINO),MG,2;27;53;97,-22.2503443,-46.4080321,rua
12897,GERLANE DA SILVA ABREU ME,GERLANE DA SILVA ABREU ME,AV. JUSCELINO KUBITSCHEK,140,SAO JOAO,POUSO ALEGRE,MG,61;81;157;167,-22.2413321,-45.9600973,rua
12902,MERCADINHO E PADARIA TROPICAL LTDA - EPP,MERCADINHO E PADARIA TROPICAL,RUA ALFREDO MACHADO DE CARVALHO,274,RESIDENCIAL PARAISO,PARAISOPOLIS,MG,14;36;62;80,-22.5541683,-45.7800024,cidade
12908,JOSE DELMORO EPP,JOSE DELMORO EPP,RUA DR GENTIL,358,CRISOLIA,CRISOLIA (OURO FINO),MG,2;27;53;97,-22.2503443,-46.4080321,rua
12918,IVAN DE OLIVEIRA VILELA,IVAN DE OLIVEIRA VILELA,R.LUIZ GALVAO,100,CENTRO,CARMO DA CACHOEIRA,MG,26;38;70;162,-21.4601475,-45.2188531,rua
12928,PAD.PANIFICADORA CENTRAL LTDA,PAD.PANIFICADORA CENTRAL LTDA,PC DOM JOSE MEDEIROS LEITE,107,CENTRO,ITAPECERICA,MG,73;74,-20.472778,-45.125556,cidade
12940,GILBERTO DE CARVALHO PINTO,PADARIA E CONF SANTO ANTONIO,RUA ALEXANDRE PINTO,154,CENTRO,SOLEDADE DE MINAS,MG,17;34;91;922,-22.061139,-45.0458573,rua
12948,MERC.E BAR IRM.BERNARDES E CARV.LT.,MERC/BAR 2 IRMAOS,R.ACYNDINO J.FERRERIA,49,CENTRO,SAO THOME DAS LETRAS,MG,26;38;70;162,-21.7218272,-44.9849435,cidade
12951,WANDINHO SUPERMERCADO LTDA,SM.WANDINHO LJ 1,AV.JOSE LUIZ COSTA MAIA,345,CENTRO,CRISTAIS,MG,23;46;63;177,-20.8775603,-45.5127524,rua
12954,CLAUDIO ROBERTO GONCALVES ME,MERC.PASSA TEMPO,R.JOAO MARTINS DINIZ,1630,PASSA TEMPO,CAMPO BELO,MG,23;46;63;177,-20.8767571,-45.2806839,rua
12958,NELI FATIMA FELIX - ME,SUP.2IRMAOS,AVENIDA JOAQUIM RAMOS DIAS,324,COLEGIO,CAMANDUCAIA,MG,16;31;59;117,-22.753769,-46.1287721,rua
12980,SUPERMERCADO CARACOL LTDA,SUPERMERCADO CARACOL LTDA,PRACA DR PAULO DE FRONTIN,17,CENTRO,PASSA QUATRO,MG,55;58;93,-22.3893803,-44.9666039,cidade
12990,BAR MATEUS E CLEMILSON LTDA,LANCHONETE CENTRAL,RUA JOAO PINHEIRO,1181,VILA MATILDE,CAMPO BELO,MG,114,-20.8918464,-45.2658075,rua
13005,MARIA APARECIDA SILVA PIMENTA LTDA,MERCEARIA DO MOZART,R PADRE VICENTE RODRIGUES DA COSTA,174,VILA SAO JORGE NOVA,CAMPO BELO,MG,23;46;63;177;904,-20.9118875,-45.2707655,rua
13011,PANIFICADORA CACHOEIRA LTDA - ME,PANIFICADORA CACHOEIRA LTDA -,RUA PADRE SERGIO,77,CENTRO,CACHOEIRA DE MINAS,MG,14;36;62;80,-22.3564411,-45.7800461,rua
13016,PADARIA DO EDUARDO LTDA,PAD.BOM TRIGO LTDA,R.DR.ALBINO ALVES FILHO,16,CENTRO,DELFIM MOREIRA,MG,32;52;72;156,-22.508037,-45.2787472,rua
13020,JULIANOS RESTAURANTE LTDA ME,JULIANOS RESTAURANTE LTDA ME,R.PEDRO CUNHA,215,CENTRO,ITANHANDU,MG,17;34;91,-22.2970599,-44.9369832,rua
13022,RESTAURANTE SABOR MINEIRO DE PERDOES,RESTAURANTE SABOR MINEIRO DE P,RUA FERNANDO DIAS DE OLIVEIRA,56,CENTRO,PERDOES,MG,20;66;71;178,-21.0919737,-45.0903543,cidade
13023,JOSE MARCOS MOREIRA,MERC.CENTRAL,R.CEL.EVARISTO V.E.SILVA,258,CENTRO,CONGONHAL,MG,89;90;107;109,-22.1532505,-46.0404698,cidade
13029,SALOMAO FERNANDES DE ALVARENGA,MERC.S.JOAO,R.CEL.EVARISTO V.E SILVA,874,JD.PLANALTO,CONGONHAL,MG,89;90;107;109,-22.1532505,-46.0404698,cidade
13036,"PADARIA, CONFEITARIA E MERCEARIA J.I. LTDA",PAD.CONF.E MERCEARIA J I LTDA,AVE VITAL BRASIL,158,CAMPINHO,LAMBARI,MG,61;81;157;159,-21.9754009,-45.3505415,cidade
13038,AVANI MOREIRA MURAD,SM.SAO MIGUEL,AV.COMANDANTE SOARES JUNIOR,462,CENTRO,LAVRAS,MG,19;48;68;130,-21.2425512,-44.9991978,cidade
13040,MARCOS ANTONIO BALDUINO,MARCOS ANTONIO BALDUINO,AV.JUSCELINO KUBSTICHEK,275,VISTA ALEGRE,PERDOES,MG,20;66;71;178,-21.0919737,-45.0903543,cidade
13074,PAULO CESAR COSTA ME,SM.ESTRELA,R.JOAO PESSOA,1319,VILA TOLEDO,JACUTINGA,MG,2;27;53;97,-22.3012242,-46.6150276,rua
13083,CARLOS ROBERTO CAMARGO,SM.CAMARGO,R.PRESIDENTE VARGAS,35,CENTRO,MUNHOZ,MG,11;139;140;141,-22.613056,-46.360556,cidade
13084,PANIFICADORA E CONFEITARIA BIBA LTDA,PANIFICADORA E CONFEITARIA BIB,PC.GETULIO VARGAS,501,CENTRO,MACHADO,MG,15;30;64;99,-21.6747601,-45.9205247,rua
13093,MERCADINHO SAO JOAO JESUANIA LTDA ME,MERCADINHO,PC.PRINCESA ISABEL,18,CENTRO,JESUANIA,MG,17;34;91,-21.997777,-45.290833,cidade
13096,PADARIA E CONFEITARIA MANA LTDA,PADARIA E CONFEITARIA MANA LTD,RUA HUMBERTO DE CAMPOS,471,SANTA RITA,POCOS DE CALDAS,MG,4;5;75;171,-21.7937135,-46.5545103,rua
13107,LAERCIO FERNANDES CLAUDINO ME,SM.DO BIGODINHO,R.SETE DE SETEMBRO,600,CENTRO,OLIMPIO NORONHA,MG,17;34;91,-22.0709493,-45.2621572,rua
13108,SUPERMERCADO K & F EIRELI,SUPERMERCADO K & F EIRELI,RUA SETE DE SETEMBRO,429,CENTRO,OLIMPIO NORONHA,MG,17;34;91,-22.0709493,-45.2621572,rua
13116,JOSE FRANCISCO DA CUNHA,JOSE FRANCISCO DA CUNHA,R.BARAO PARINA,320,CENTRO,CAMPANHA,MG,26;38;70;162,-21.8361108,-45.401986,cidade
13117,GISLENE VIANNA ARANTES MENDES,DM.SM/SMART,R.COMENDADOR NILTON VAL RIBEIRO,798,CENTRO,CAMPANHA,MG,26;38;70;123;162,-21.8374133,-45.39949,rua
13134,MERC.DA MAMA LTDA,MERC.DA MAMA LTDA,R.DA ABOLICAO,47,N.SRA. DE LOURDES,ITAJUBA,MG,32;72;156;183,-22.4348045,-45.4694915,rua
13149,MERCEARIA MALUGE LTDA,MERCEARIA MALUGE LTDA,R.JOSE C.PEREIRA DOS SANTOS,619,ESTIVA,ITAJUBA,MG,88;92;94;155,-22.4238234,-45.4524156,cidade
13161,CASA DE CARNES E DERIV STA LUCIA LTDA ME,CASA DE CARNES E DERIV STA LUC,R.NICOLAU LARAIA,123,SANTA LUCIA,POUSO ALEGRE,MG,29;67;157;159,-22.2296777,-45.9296667,rua
13170,MERCEARIA SOUZA POUSO ALEGRE LTDA,MERCEARIA SOUZA POUSO ALEGRE L,R.FRANCISCO MASSAFERA,152,SAO JOAO,POUSO ALEGRE,MG,61;81;157;167,-22.2371311,-45.9556507,rua
13172,EMPORIO POPULAR LTDA,EMPORIO POPULAR LTDA,R.DOS GOIVOS,72,JARDIM YARA,POUSO ALEGRE,MG,40;61;81;167,-22.2405593,-45.9437274,rua
13180,MERCADINHO NOSSA SENHORA APARECIDA LTDA,MERC NOSSA SENHORA AP,R.GERALDO MENDES,319,CENTRO,HELIODORA,MG,61;81;157;159,-22.0688708,-45.539624,rua
13181,SUPERMERCADO VENCEDORA LTDA EPP,SM.VENCEDORA/SMART,R.JOSE ALVARES MACIEL,134,CENTRO,HELIODORA,MG,61;81;157;159,-22.0652635,-45.5412884,rua
13183,ARMAZEM DO NHO LTDA EPP,ARMAZEM DO NHO LTDA EPP,R.JOSE ALVARES MACIEL,111,CENTRO,HELIODORA,MG,61;81;157;159,-22.0652635,-45.5412884,rua
13186,PAD.KI-PAO DE VARGINHA LTDA,PADARIA KI-PÃO,AV.DR.JOSE JUSTINIANO DOS REIS,1090,SION,VARGINHA,MG,18;44;83;102,-21.5565914,-45.4340674,cidade
13189,HOTEL FAZENDA VALE SUICO LTDA,VALE SUICO RESORT,COMUNIDADE BAIRRO DO MONJOLINHO,S/N,MONJOLINHO,ITAPEVA,MG,16;31;59;117,-22.7690638,-46.221934,cidade
13190,SUPERMERCADO PRECO MENOR LTDA,SM.MENOR PRECO,AV.EMBAIXADOR OLAVO BILAC PINTO,90,REC.DAS MARGARIDAS,SANTA RITA DO SAPUCAI,MG,14;36;62;80,-22.2486968,-45.7064507,cidade
13208,MAURO PEREIRA ME,MAURO PEREIRA ME,ROD.FERNAO DIAS   KM 869,S/N,RODOVIA / CRUZ ALTA,POUSO ALEGRE,MG,29;40;61;67;81;167,-22.2343858,-45.9327241,cidade
13211,A PREDILETA LTDA EPP,PADARIA,AV.VIRGILIO DE MELO FRANCO,342,CENTRO,CAMBUQUIRA,MG,26;38;70;162,-21.8496957,-45.2993976,rua
13213,LIMA & SANTOS CIA LTDA - ME,LIMA & SANTOS CIA LTDA - ME,RUA BIAS FORTES,117,N.S.DE FATIMA,OURO FINO,MG,2;27;53;97,-22.283056,-46.369167,cidade
13223,JESUS LUIZ LOURENCONI,JESUS LUIZ LOURENCONI,"R.PE.VICTOR , 159 B",,LAGOINHA / VILA RICA,NEPOMUCENO,MG,20;66;71;178,-21.232744,-45.2352276,cidade
13231,DTG SUPERMERCADOS LTDA,SUPERMERCADO SAO GERALDO,RUA PADRE GREGORIO,459,CENTRO,CACHOEIRA DE MINAS,MG,14;36;62;80,-22.3537686,-45.7797413,rua
13241,ARMAZEM NOSSA SENHORA APARECIDA EIRELI,SM CABECAO,AV.JOAQUIM QUINTINO ROCHA,228,CENTRO,CAMPO DO MEIO,MG,35;47;69;95;124,-21.1110496,-45.8321792,rua
13244,SUP.SILVIO MENDES LTDA,SUP.SILVIO MENDES LTDA,AV.CAMPOS ELISIOS,86,CENTRO,ITAMONTE,MG,17;34;91,-22.2817821,-44.8654973,rua
13255,SUPERMERCADO MASSAFERA LTDA,SUPERMERCADO MASSAFERA LTDA,R.CAPITAO PINTO,11,CENTRO,CRUZILIA,MG,55;58;93,-21.8412812,-44.8112591,rua
13259,RODRIGO MARTINS LEITE,MERC.E C.CARNE STO ANT,R.ROSENDO DE CARVALHO,40,CENTRO,ITUTINGA,MG,19;48;68;130,-21.296566,-44.658237,rua
13264,VALDILENE DA SILVA BERNARDES,VALDILENE DA SILVA BERNARDES,RUA AMERICO MIARI,478,CENTRO,TRES PONTAS,MG,35;47;69;95,-21.3700321,-45.5150329,rua
13265,AGUINALDO MENDES,PAD.MERC. NHA CHICA,R.HUMBERTO CONDE,485,SION,VARGINHA,MG,18;44;83;102,-21.5710652,-45.4188458,rua
13270,LUIZ CARLOS DOS REIS,LUIZ CARLOS DOS REIS,R.JOSE CAPISTRANO DE SOUZA,225,BOA VENTURA,TRES CORACOES,MG,26;38;70;162,-21.6944721,-45.2501761,rua
13279,JAIR ELIAS ALVES & CIA LTDA,LANCHONETE UNIAO,AV.WILSON MEGALE   BOX A,790,RODOVIARIA/ CENTRO,BORDA DA MATA,MG,81;89;90;107;109,-22.274167,-46.165278,cidade
13280,ANTONIO ALBANO MARTINS,PORTAL DA CIDADE,AVE ANTONIO MARQUES SILVA,447,SANTA CRUZ,BORDA DA MATA,MG,89;90;107;109;941,-22.274167,-46.165278,cidade
13281,PADARIA ESPIRITO SANTO LTDA ME,PADARIA ESPIRITO SANTO LTDA ME,AV.ANTONIO PAULINO,37,CENTRO,ESPIRITO SANTO DO DOURADO,MG,15;30;64;99,-22.0458625,-45.9517998,rua
13283,NILTON ROBERTO GOUVEIA,NILTON ROBERTO GOUVEIA,RUA MANOEL FERREIRA VILHENA,333,MORRO,SILVIANOPOLIS,MG,29;40;81;159,-22.0279324,-45.840367,rua
13305,DROGARIA RS LTDA,DROGALIDER,AVE RIO BRANCO,394,CENTRO,VARGINHA,MG,50;60;84;101,-21.5565914,-45.4340674,cidade
13339,SEBASTIAO VENANCIO DA COSTA E CIA LTDA - ME,QUITANDA E MERC.VELANCIO,R.CEL.PROCOPIO RIBEIRO,21,CENTRO,GONCALVES,MG,88;92;94;155,-22.6592324,-45.8584077,rua
13345,WANUIR PEREIRA DA SILVA,WANUIR PEREIRA DA SILVA,PC. CAP.ANTONIO DOMINICIANO,105,CENTRO,CAMANDUCAIA,MG,16;31;59;117,-22.755278,-46.144444,cidade
13349,MARLI TAVARES DE SOUZA,MARLI TAVARES DE SOUZA,R.FELICIANO RODRIGUES SIMOES,148,BOA VISTA,ITAJUBA,MG,32;52;72;156,-22.420639,-45.4694794,rua
13362,ELCIO JOSE ANDRADE,ELCIO JOSE ANDRADE,R.PADRE DIONISIO CHAGAS,269,FATIMA,VARGINHA,MG,50;60;84;101,-21.5599596,-45.4478184,rua
13367,IZAEL VITOR MACIEL ME,IZAEL VITOR MACIEL ME,R.TIRADENTES,265,CAMPINHO,ALFENAS,MG,25;41;87;160,-21.4246951,-45.9455613,rua
13375,ESTEFANIA MURI DE OLIVEIRA ME,ESTEFANIA MURI DE OLIVEIRA ME,RUA GABRIEL FLAVIO CARNEIRO,72,ESTACAO,CAMBUQUIRA,MG,26;38;70;162,-21.8521858,-45.3002163,rua
13414,CARMOGAS PONTO CERTO LTDA,CARMOGAS PONTO CERTO LTDA,R.PADRE FRANCISCO,340,CENTRO,CARMOPOLIS DE MINAS,MG,133;170,-20.5284796,-44.6317791,rua
13443,DROGARIA P.H.S  LTDA EPP,DROGARIA P.H.S  LTDA EPP,R.CESARIO ALVIM,238,CENTRO,CAMPO BELO,MG,114,-20.8998176,-45.2747635,rua
13450,COMERCIAL VASCONCELOS LTDA,COMERCIAL VASCONCELOS LTDA,"AV.SANTA CRUZ , 545 OU 540",,CENTRO,MACHADO,MG,15;30;64;99;124,-21.6762861,-45.9211696,cidade
13466,NICODEMO RIBEIRO DE ALMEIDA,NICODEMO RIBEIRO DE ALMEIDA,AV.DA SAUDADE,48,ALTO,OURO FINO,MG,2;27;53;97,-22.2866721,-46.3667128,rua
13469,WILMAR CONTI MOREIRA & CIA LTDA,WILMAR COTE MOREIRA,AVE SANTA CRUZ,565,CENTRO,MACHADO,MG,15;30;64;99,-21.6762861,-45.9211696,cidade
13513,FRANCISCO JADIR DA COSTA,FRANCISCO JADIR DA COSTA,R.MINISTRO GABRIEL PASSOS,776,BOM JESUS,ITAPECERICA,MG,73;74,-20.472778,-45.125556,cidade
13516,MERC.MENDES E ASSIS LTDA,MERC.MENDES E ASSIS LTDA,R.JOAO DE BARRO,135,SAO JOAO,POUSO ALEGRE,MG,61;81;157;167,-22.2393096,-45.9613587,rua
13563,ARAUJO E LIMA DROGARIA LTDA,DROGARIA BOM PASTOR,AV.PRES.TANCREDO NEVES,471,BOM PASTOR,VARGINHA,MG,50;60;84;101,-21.5565914,-45.4340674,cidade
13564,NELCI DONIZETI QUIRINO ME,NELCI DONIZETI QUIRINO ME,R.ANTONIO CESARIO,45,BOM PASTOR,VARGINHA,MG,50;60;84;101,-21.5486426,-45.4440403,rua
13565,COMERCIAL POLICARPO E PASCOAL LTDA,SM.AVENIDA,AV.DOUTOR MODENA,182,FATIMA,VARGINHA,MG,50;60;84;101,-21.560088,-45.4495755,rua
13581,JOAO ROVILSON DE OLIVEIRA EPP,JOAO ROVILSON DE OLIVEIRA EPP,PCA PADRE ANGELO,69,N.S.APARECIDA,SANTA RITA DE CALDAS,MG,89;90;107;109,-22.028889,-46.336944,cidade
13584,ALBERTO TAVARES DA SILVA CIA LTDA,SM.GAMA,R.GENIS ROSSIGNOLI ROCHA,201,JD.DAMASCO,VARGINHA,MG,50;60;84;101,-21.5565914,-45.4340674,cidade
13593,ISSAOSHIMODA SUPERMERCADO LTDA,SUPERMERCADO SHIMODA,AV.BRASIL,205,CENTRO,MONTE SIAO,MG,2;27;53;97;144,-22.4365892,-46.5756944,rua
13594,IWAOSHIMODA SUPERMERCADO LTDA,IWAOSHIMODA SUPERMERCADO LTDA,R.PRESIDENTE TANCREDO NEVES,300,CENTRO,MONTE SIAO,MG,2;27;53;97;144,-22.4297162,-46.5705324,rua
13596,SUPERMERCADO SANTA ODILA LTDA ME,SUPERMERCADO SANTA ODILA LTDA,AV.ARY CARNEIRO,1807,SANTA ODILA,ITANHANDU,MG,17;34;91,-22.2957913,-44.9366732,cidade
13597,MARILIA CAPELLETTO LEMOS,MARILIA CAPELLETTO LEMOS,AV.MAJOR LISBOA DA CUNHA,291,CENTRO,WENCESLAU BRAZ,MG,88;92;94;155,-22.5342367,-45.3614735,cidade
13602,DUILIO PAIVA DE MELO,CASA MELO,AVENIDA DR. ATAIDE PEREIRA DE SOUZA,106,CENTRO,MACHADO,MG,15;30;64;99,-21.6847268,-45.9312283,rua
13628,RONEY VITOR DA SILVA,RONEY VITOR DA SILVA,R.DOMINGOS VIEIRA DE LIMA,596,CENTRO,SANTANA DA VARGEM,MG,35;47;69;95,-21.2517499,-45.5054921,rua
13629,SUPERMERCADO DO CAVALO LTDA,MERC.DO CAVALO,R.ALFREDO PEREIRA GOMES,377,CENTRO,SANTANA DA VARGEM,MG,35;47;69;95,-21.2537767,-45.5062149,rua
13635,ANA MARIA DE GODOI,SM.S.MATEUS,R.ANTONIO ADRIAO GARCIA,33,CENTRO,MUNHOZ,MG,11;139;140;141,-22.613056,-46.360556,cidade
13655,LIOSMAR RAIMUNDO AMARAL,LIOSMAR RAIMUNDO AMARAL,R.PAULO MODESTO,123,VILA RICA,LAVRAS,MG,129,-21.2545733,-44.9799462,rua
13666,DALIANA MARA FIDELIS ME,DALIANA MARA FIDELIS ME,R.DR.JOAO LACERDA,306,RETIRO,LAVRAS,MG,129,-21.2493462,-45.0006027,rua
13684,NOSSAS ERVAS PROD.NATURAIS LTDA,NOSSAS ERVAS PROD.NATURAIS LTD,AV.WALDEMAR FERNAL,13,CENTRO,OLIVEIRA,MG,73;74,-20.7708321,-44.5829973,rua
13691,LUCIA APARECIDA PEDROZO PEREIRA,LUCIA AP.PEDROSO PEREIRA ME,AV.PROF.MARIA MADALENA FERNANDES,10,VILA PITANGUI,LAVRAS,MG,129,-21.2425512,-44.9991978,cidade
13692,ANGELA MARIA DE ABREU CARDOSO ME,ANGELA MARIA DE ABREU CARDOSO,R.MARIA MADALENA FERNANDES,267,PITANGUI,LAVRAS,MG,19;48;68;130,-21.2398626,-44.9794628,rua
13699,LAZARO DOS SANTOS BORGES ME,LAZARO DOS SANTOS BORGES ME,R.DOM ASSIS,78,CENTRO,POUSO ALEGRE,MG,29;33;159,-22.2290506,-45.9338653,rua
13701,BAR E RESTAURANTE OS GATOES LTDA,BAR E RESTAURANTE  OS GATOES L,PCA GETULIO VARGAS,210,CENTRO,VARGINHA,MG,101,-21.5565914,-45.4340674,cidade
13726,MARCELO JANDERSON SALES E CIA LTDA ME,MARCELO JANDERSON SALES E CIA,LEON JOFRE AVAYON,842,CRUZEIRO DO SUL,LAVRAS,MG,19;48;68;130,-21.2425512,-44.9991978,cidade
13731,JOSE B.FERREIRA JUNIOR & CIA LTDA,SM.BOM JESUS,PCA SANTA ISABEL,66,CENTRO,HELIODORA,MG,61;81;157;159,-22.0675,-45.542222,cidade
13732,COML.TRES IRMAOS CARVALHO LTDA ME,COML.TRES IRMAOS CARVALHO LTDA,R.AMAZONAS,500,VILA NOVA,BUENO BRANDAO,MG,89;90;107;109,-22.4419083,-46.345261,rua
13761,ELIAS BATISTA NETO,ELIAS BATISTA NETO,AV LAURA HESS,476,SAO GERALDO,PASSA QUATRO,MG,55;58;93,-22.3982044,-44.9762167,rua
13767,COMERCIAL J J MORAIS LTDA,GIRO FORT,PCA PEDRO SEVERINO DE AGUIAR,240,CENTRO,SAO FRANCISCO DE PAULA,MG,73;74,-20.7098288,-44.9817485,cidade
13776,MARILIA NEPOMUCENO DE CARVALHO,SM.SERRANO,RUA PREF. ANTONIO FURTADO,70,CENTRO,LUMINARIAS,MG,20;66;71;178,-21.5112256,-44.903813,cidade
13789,COMERCIAL SAO BENEDITO LTDA,COMERCIAL SAO BENEDITO LTDA,R.PASSA TEMPO,21,CENTRO,PIRACEMA,MG,133;170,-20.5105196,-44.4745022,rua
13804,EDER GERALDO DE REZENDE ME,EDER GERALDO DE REZENDE ME,R.AURELIANO SOUZA PINTO,144,CENTRO,INGAI,MG,20;66;71;178,-21.4029295,-44.9209398,rua
13818,JOANA D ARC DOS SANTOS RESENDE,JOANA D ARK DOS SANTOS RESENDE,RUA GENI MARIA DE JESUS,12,CALAFATE,PASSA TEMPO,MG,133;170,-20.6384549,-44.5022542,rua
13839,JOAO BOSCO DE SOUZA,SM.SUCESSO,R.SILVA PINTO,34,CENTRO,LUMINARIAS,MG,19;20;66;71;178,-21.5384561,-44.9194282,rua
13865,LANCH.BIG LANCHES LTDA,LANCH.BIG LANCHES LTDA,AVE ARTHUR BERNARDES,1045,CENTRO,MACHADO,MG,15;30;64;99,-21.6762861,-45.9211696,cidade
13868,JOSE LAZARO MONTEIRO ME,JOSE LAZARO MONTEIRO ME,R.JUSTINO DIAS SOUZA,75,MACUCO DE MINAS,ITUMIRIM,MG,19;48;68;130,-21.2840125,-44.7615576,rua
13877,MARCOS ANTONIO PEREIRA,MARCOS ANTONIO PEREIRA,R.GOIAS,156,MARINGA,BOA ESPERANCA,MG,23;46;63;177,-21.0824299,-45.5773464,rua
13909,90 GRAUS CONVENIENCIA LTDA,90 GRAUS,PC DOM FERRAO,150,CENTRO,CAMPANHA,MG,26;38;70;162;903,-21.8361108,-45.401986,cidade
13949,EDUARDO JOSE DE CARVALHO & CIA,EDUARDO JOSE DE CARVALHO & CIA,RUA DONA OLGA CHAYB MAUAD,247,MEDICINA,ITAJUBA,MG,32;52;72;156;193,-22.4383173,-45.457738,rua
13974,KOPAO SUCOS E LANCHES LTDA,KOPAO SUCOS E LANCHES LTDA,PRACA PADRE MARCAL RIBEIRO,243,CENTRO,ITAJUBA,MG,183,-22.4238234,-45.4524156,cidade
13987,MERCEARIA RAMALHO E DOUAT LTDA,MERCEARIA RAMALHO E DOUAT LTDA,AV.26 DE NOVEMBRO,554,CENTRO,RIBEIRAO VERMELHO,MG,20;66;71;178,-21.1881942,-45.0627632,cidade
14136,ROGERIO GERALDO RESENDE ME,ROGERIO GERALDO RESENDE ME,R.BUENO BRANDAO,664,CENTRO,PASSA TEMPO,MG,133;170,-20.6537867,-44.4915396,rua
14143,S.W.SUPERMERCADO LTDA,S.W.SUPERMERCADO LTDA,R.DOMINGOS VIEIRA DE LIMA,275,CENTRO,SANTANA DA VARGEM,MG,35;47;69;95,-21.2475762,-45.5059172,rua
14172,CASA REZENDE LTDA - ME,CASA REZENDE LTDA - ME,CONEGO FRANCISCO STELLA,1020,CORREGOS MULATOS,ESTIVA,MG,29;40;54;67;167,-22.4674197,-46.0143382,rua
14200,DILMA FERNANDES DE SOUZA PEREIRA,QUITANDA E MERCEARIA DO TIAOZI,RUA JUVENAL MURY,16,CENTRO,CONCEICAO DO RIO VERDE,MG,17;34;91;922,-21.8843732,-45.0819995,rua
14220,BAR E RESTAURANTE BOTICAO LTDA,BAR E RESTAURANTE BOTICAO LTDA,"ROD.BR 369 KM 83 DISTRITO, KM 83",,POVOADO BOTICAO,AGUANIL,MG,23;46;63;177,-20.9424533,-45.3927152,cidade
14241,DROGARIA UNIAO LTDA,DROGARIA UNIAO,RUA CORONEL OTAVIO CARLOS,54,CENTRO,BOM SUCESSO,MG,20;66;71;178;904,-21.0323516,-44.7598082,cidade
14253,EVALDO RODRIGUES DA ROCHA ME,EVALDO RODRIGUES DA ROCHA ME,R.TANCREDO NEVES,38,MONS.JOAO ALEXANDRE,CLAUDIO,MG,73;74,-20.3665067,-44.6884263,rua
14280,PEG.PAG RITZ LTDA,PEG.PAG RITZ LTDA,R.VENANCIO GONCALVES CASTANHEIRA,55,PALMEIRAS,BOM SUCESSO,MG,20;66;71;178,-21.0389298,-44.7577367,rua
14282,JOSE PAULO DOS SANTOS ME,JOSE PAULO DOS SANTOS ME,RUA JULIO FERREIRA DE CASTRO,335,SAO JUDAS TADEU,BOM SUCESSO,MG,20;66;71;178,-21.0407452,-44.7614389,rua
14304,JOAO MURILO DA SILVA,PÕE SUPERMERCADO SÃO SEBASTIÃO,R.MARCOS HORMINO MENDONCA,11,SAO SEBASTIAO,OLIVEIRA,MG,73;74,-20.6971953,-44.8273969,cidade
14317,PAD.E LEITERIA PARAISO ITANHANDU,PAD.E LEITERIA PARAISO ITANHAN,R.DR.OLAVO GOMES PINTO,20,CENTRO,ITANHANDU,MG,17;34;91,-22.2960976,-44.937474,rua
14334,AVENIDA SUPERMERCADO LTDA - ME,AVENIDA SUPERMERCADO LTDA - ME,AV.SANTA CRUZ,18,CENTRO,CALDAS,MG,96;106;135,-21.9193883,-46.3871754,rua
14338,JOSE ARISTEU VAZ,JOSE ARISTEU VAZ,R.BELMIRO BUENO ALMEIDA,366,CENTRO,CAMPO DO MEIO,MG,35;47;69;95,-21.1087477,-45.8294204,rua
14346,PATRICIA PAULA VITOR ME,PATRICIA PAULA VITOR ME,AV.EVARISTO JUNQUEIRA,678,CENTRO,CAREACU,MG,29;67;157;159,-22.0395176,-45.6937409,rua
14360,SUPERMERCADO FERNANDES LTDA,MERCEARIA FERNANDES LTDA,R.VIRGILIO MASTROGIOVANI,50,CENTRO,SAO THOME DAS LETRAS,MG,26;38;70;162,-21.7218272,-44.9849435,cidade
14404,NOEL SUPERMERCADOS ST LTDA,SM.NOEL,PC.BARAO DE ALFENAS,170,CENTRO,SAO THOME DAS LETRAS,MG,26;38;70;123;162,-21.7229108,-44.985584,rua
14418,ADEZANO JOSE DE REZENDE,ADEZANO JOSE DE REZENDE ME,RUA SENADOR SOARES,556,CENTRO,ITAPECERICA,MG,73;74,-20.4691781,-45.1292849,rua
14419,ANTONIO RAMOS RANGEL ME,SUPERMERCADO RAMOS,AV.JOEL GONCALVES VALIM,1239,NOVA DAMASCO,VARGINHA,MG,18;44;83;102,-21.582717,-45.4221776,rua
14421,DARCI FRANCISCO BERNARDES,DARCI FRANCISCO BERNARDES,R.21 DE ABRIL,247,CENTRO,CAXAMBU,MG,55;58;93,-21.9755872,-44.9311403,cidade
14439,MARIA LINEY COSTA FREURY ME,MARIA LINEY COSTA FREURY ME,RUA JOAO PAULINO DAMASCENO,SN,CENTRO,ALFENAS,MG,25;41;87;160,-21.4303751,-45.9532387,rua
14443,JUAREZ CAMPOS DE OLIVEIRA ME,JUAREZ CAMPOS DE OLIVEIRA ME,R.CARLOS PINHEIRO CHAGAS,16,CENTRO,PASSA TEMPO,MG,133;170,-20.6523798,-44.4906488,rua
14447,NILSON PINTO DE ALMEIDA ME,NILSON PINTO DE ALMEIDA ME,ROD MG 270,170,CENTRO,PASSA TEMPO,MG,133;170,-20.650556,-44.495833,cidade
14452,ANTONIO MARCOS DE RESENDE ME,ANTONIO MARCOS DE RESENDE ME,R.PADRE JOSE ROCHA,267,ROSARIO,NAZARENO,MG,19;48;68;130,-21.2189807,-44.6151354,cidade
14461,VASCONCELOS E DINIZ COM. LTDA,VASCONCELOS E DINIZ COM. LTDA,PCA VINTE E SETE DE DEZEMBRO,347,CENTRO,CARMOPOLIS DE MINAS,MG,133;170,-20.541224,-44.6350611,cidade
14463,D C COMERCIO DE PAES LTDA,D C COMERCIO DE PAES LTDA,PRACA XV DE NOVEMBRO,170,CENTRO,OLIVEIRA,MG,73;74,-20.6971953,-44.8273969,cidade
14464,ARMAZEM CRUZILIA LTDA,ARMAZEM CRUZILIA LTDA,R.JUSCELINO KUBSTCHECK OLIVEIRA,360,BREJINHO,CRUZILIA,MG,55;58;93,-21.838333,-44.808056,cidade
14482,MINI MERCADO ECONOMIZE LTDA,SUPERMERCADO ECONOMIZE,"RODOVIA MG 290, KM 07",,PINHALZINHO,OURO FINO,MG,2;27;53;97,-22.283056,-46.369167,cidade
14499,SUPERMERCADO ESKINA LTDA,SUPERMERCADO ESKINA LTDA,R.JOSE CAETANO VIEIRA,118,J.GLORIA,LAVRAS,MG,19;48;68;130,-21.2314893,-45.0053384,rua
14500,RODRIGO DE SOUZA AMARO,RODRIGO DE SOUZA AMARO,AV FABIO MODESTO,415,PARQUE IMPERIAL,LAVRAS,MG,129,-21.2438242,-45.0209504,rua
14502,MAIA & PELOSO LTDA,FARMAIS,PCA SANTA CRUZ,194,CENTRO,BOA ESPERANCA,MG,23;46;63;177,-21.0901253,-45.5660195,cidade
14504,BAR PAD.STA CATARINA NATERCIA LTDA,BAR PAD.STA CATARINA NATERCIA,R.CRISTIANO CAETANO,33,CENTRO,NATERCIA,MG,61;81;157;159,-22.1210661,-45.5139279,rua
14556,DROGARIA 2000 WILLIAN FAR LTDA,WILLIAN FAR,AV.GETULIO VARGAS,325,CENTRO,CAMPOS GERAIS,MG,35;47;69;95;924,-21.2390353,-45.757253,rua
14573,M M DROGARIA LTDA ME,DROG.S.MATEUS,R.DES.ALBERTO LUZ,55,CENTRO,TRES CORACOES,MG,26;38;70;162,-21.695625,-45.2543675,cidade
14616,VALTER FERREIRA ME,VALTER FERREIRA ME,CAPITAO WASHINGTON,33,JD.FLORESTA,LAVRAS,MG,129,-21.2617123,-44.9985639,rua
14639,SENSACAO PANIFICADORA LTDA ME,SENSACAO PANIFICADORA LTDA ME,AV. DEP.RENATO AZEVEDO,146,PERO,TRES CORACOES,MG,26;38;70;162,-21.695625,-45.2543675,cidade
14657,COMERCIAL PEREIRA R E DIAS LTDA,SM.UNIAO,RUA CORONEL JOSE GUILHERME,101,CENTRO,CAMPESTRE,MG,6;24;120,-21.7127119,-46.2418227,rua
14701,CANA VERDE SUPERMECADO LTDA EPP,SM.VERDE CANA,RUA ANTONIO BASTOS,59,CENTRO,CANA VERDE,MG,23;46;63;177,-21.021308,-45.1817881,cidade
14708,LANCHONETE SERRAS DE MINAS LTDA - ME,LANCHONETE SERRAS DE MINAS LTD,AV.AVELINO RIBEIRO,12,RES.PARAISO,PARAISOPOLIS,MG,14;36;62;80,-22.5523166,-45.7709825,rua
14717,JULIA DE SOUZA MARTINS,JULIA DE SOUZA MARTINS,R.   B.H,9,ODILON REZENDE,TRES CORACOES,MG,26;38;70;162,-21.6721606,-45.2599578,rua
14746,PERUCELO E PERUCELO ARCEBURGO LTDA,PERUCELO E PERUCELO ARCEBURGO,R.PRES GETULIO VARGAS,834,CENTRO,ARCEBURGO,MG,10;42;86;172,-21.364444,-46.939722,cidade
14797,CELIO MAGAGNE JUNIOR,MERCEARIA DO CÉLIO,ALAMEDA DAS ACACIAS,97,PINHEIROS,VARGINHA,MG,18;44;83;102,-21.5375976,-45.4454508,rua
14803,PONTO 100 SUPERMERCADO LTDA ME,MINI MERC.PONTO 100,AVENIDA NECA FIRMIANO,185,MARCIOLANDIA,NEPOMUCENO,MG,20;66;71;178,-21.2383911,-45.2264937,rua
14811,SIMONE AP CONSOLACAO VILAS BOAS ME,SIMONE AP CONSOLACAO VILAS BOA,AV DOM INOCENCIO,135,ROSARIO,ITUMIRIM,MG,19;48;68;130,-21.2363438,-44.835782,rua
14834,PADARIA AMERICA DE ALFENAS LTDA,PADARIA AMERICA,RUA AREADO,225,CENTRO,ALFENAS,MG,25;41;87;160;924,-21.4220833,-45.952533,rua
14836,EDGAR VILELA AMARAL,EDGAR VILELA AMARAL,R.JARBAS PIMENTA,166,CENTRO,BOA ESPERANCA,MG,23;46;63;177,-21.0964381,-45.556815,rua
14849,IRMAOS TEIXEIRA RODRIGUES LTDA,IRMAOS TEIXEIRA E RODRIGUES,RUA SOBRADINHO,220,JARDIM PARAISO,CANDEIAS,MG,23;46;63;177;904,-20.7775731,-45.2783067,rua
14901,TOP FARMA FARMACIA LTDA,GIULIANO TRINDADE ME,RUA BENJAMIM CONSTANT,223,ALTO DAS MERCES,CAMPO BELO,MG,114,-20.8975,-45.277223,cidade
14911,ROBERTO FRANCO DE SOUSA - ME,PIZZARIA DO ROBERTO,RUA JUSCELINO K DE OLIVEIRA,1914,JD.NOVO HORIZONTE,MONTE SIAO,MG,2;97,-22.432778,-46.572778,cidade
14932,JOSE VAGNO SILVA,JOSE VAGNO SILVA,R.IPIRANGA,414,CENTRO,CALDAS,MG,96;106;135,-21.9232093,-46.3849032,rua
14941,ARY WILLIANS DE LIMA ME,ARY WILLIANS DE LIMA ME,R.CONSELHEIRO ALFREDO PINTO,272,CENTRO,GONCALVES,MG,88;92;94;155,-22.6570901,-45.8546425,rua
14991,M.B.DE SOUZA E CIA LTDA,SM.S.JOSE,AV.ORLANDO R.ANDRADE,991,VILA GESSE,TRES CORACOES,MG,26;38;70;123;162,-21.695625,-45.2543675,cidade
14997,DROGARIA POCO FUNDO LTDA,DROGARIA POCO FUNDO LTDA,AV.DOUTOR LELIO DE ALMEIDA,132,CENTRO,POCO FUNDO,MG,15;30;64;99,-21.780834,-45.965,cidade
15026,SUPERMERCADO SAO BENEDITO CRUZILIA,SUPERMERCADO SAO BENEDITO CRUZ,R.ANTONIO PENHA DE ANDRADE,90,OLARIA,CRUZILIA,MG,55;58;93,-21.838333,-44.808056,cidade
15057,SIMONE RESENDE DE SOUZA,SM.DO PONTO,R.JOAQUIM FERREIRA DE SOUZA,161,CENTRO,GONCALVES,MG,88;92;94;155,-22.6597051,-45.8556462,rua
15061,VAREJAO MAIS ECONOMIA LTDA,VAREJAO MAIS ECONOMIA,PCA LAMARTINE JOSE DE FARIA,30,CENTRO,SAPUCAI MIRIM,MG,88;92;94;155,-22.7480012,-45.7427651,cidade
15066,EDVALDO ALVARENGA PIMENTA,EDVALDO ALVARENGA PIMENTA,RUA CESÁRIO ALVIM,146,CENTRO,CAMPO BELO,MG,114,-20.8998176,-45.2747635,rua
15068,EDSON GONCALVES RIOS,EDSON GONCALVES RIOS,RUA DORVELINO RABELO COSTA,425,CENTRO,PASSA TEMPO,MG,133;170,-20.6514621,-44.4891616,rua
15102,JOAO NUNES FERREIRA & CIA LTDA,JOAO N FERREIRA & CIA LTDA,R.JOSE ALVARES MACIEL,257,CENTRO,HELIODORA,MG,61;81;157;159,-22.0652635,-45.5412884,rua
15104,NACACIO FREITAS E HONORATO LTDA,NACACIO FREITAS E HONORATO LTD,R.PREF.JOSE NACACIO,28,CENTRO,NATERCIA,MG,61;81;157;159,-22.12,-45.511389,cidade
15145,GENI DAL MOLIN PEREIRA ME,GENI DAL MOLIN PEREIRA ME,R.FRANCISCO BRAGA,21,CENTRO,NAZARENO,MG,19;48;68;130,-21.2189807,-44.6151354,cidade
15168,DEGRAU S BAR E LANCHONETE LTDA,DEGRAU S BAR E LANCHONETE,AVENIDA DO CARMO,548,CENTRO,CAMBUI,MG,51;56;98;116;923,-22.6113555,-46.0598325,rua
15178,JFM SUPERMERCADO LTDA - EPP,SUPERMERCADO DA VANDA,R.CARMELITA CARVALHO GARCIA,63,CENTRO,CANA VERDE,MG,23;46;63;177,-21.0222238,-45.1762326,rua
15187,ROSANI MARIA JORGE OLIVEIRA,SM.MINERAO,R.NOSSA SENHORA DO CARMO,848,CENTRO,CAMPOS GERAIS,MG,35;47;69;95,-21.2340762,-45.7622375,rua
15210,LUIZ ANTONIO COELHO,LANCHONETE CAPITOLIO,R.PRES.ANTONIO CARLOS,555,CENTRO,VARGINHA,MG,18;44;83;102,-21.5565914,-45.4340674,cidade
15258,VALDIR CAMPOS DE OLIVEIRA CIA LTDA,VALDIR CAMPOS DE OLIVEIRA CIA,RUA BUENO BRANDAO,310,CENTRO,PASSA TEMPO,MG,133;170,-20.6537867,-44.4915396,rua
15265,COMERCIAL JOSIMARA LTDA ME,COMERCIAL JOSIMARA LTDA,R.PROFESSOR ALBERTO CARVALHO,41,CENTRO,LAVRAS,MG,19;48;68;130,-21.2529484,-45.0058443,rua
15285,PAULO SERGIO SILVA ME,PAULO SERGIO SILVA ME,RUA MARIANO JOSE P F REIS,455,BOA VENTURA,TRES CORACOES,MG,26;38;70;162,-21.695625,-45.2543675,cidade
15299,AQUARELA LANCHONETE E VARIEDADES LTDA ME,AQUARELA LANCHONETE E VARIEDAD,"PCA CORONEL ANT AUGUSTO DE OLIVEIRA , RO BX 01",,CENTRO,ANDRADAS,MG,96;106;135,-22.0693412,-46.5707584,cidade
15305,SUPERMERCADO LOPES & LAMOUNIER LT,FRANCISCO LOPES SOBRINHO,PCA JUCA FRADE,71,CENTRO,CAMACHO,MG,73;74,-20.625556,-45.156667,cidade
15308,MERCEARIA DO RENAN LTDA,MERCEARIA DO RENAN LTDA,R.ANTENOR GONCALVES SANTOS,791,APARECIDA,BOM SUCESSO,MG,20;66;71;178,-21.0386563,-44.7657228,rua
15310,ITAMAR RODARTE PEREIRA,ITAMAR RODARTE PEREIRA,R.MODESTO DE ABREU SALGAGO,41,CENTRO,CAMPO DO MEIO,MG,925,-21.1072006,-45.8301735,cidade
15327,LOURIMAR AUGUSTO NASCIMENTO,SM.UNIAO,R.ZECA BERTOLINO,160,DOUTOR FRON,OLIVEIRA,MG,73;74,-20.6971953,-44.8273969,cidade
15338,JOAQUIM PEDRO DE CARVALHO ME,JOAQUIM PEDRO DE CARVALHO ME,R.CARMO DO RIO VERDE,44,CENTRO,CARMO DE MINAS,MG,17;34;91,-22.1240198,-45.1291327,rua
15378,RESTAURANTE ITAGUARA LTDA,RESTAURANTE ITAGUARA LTDA,BR 381 KM 554,S/N,MATEUS,ITAGUARA,MG,133;170,-20.391389,-44.488055,cidade
15379,MEYRE DARC BATISTA ROCHA,MEYRE DARC BATISTA ROCHA,R.JOSE MIGUEL VILELA,270,CENTRO,CAMPO DO MEIO,MG,35;47;69;95,-21.1090802,-45.8283026,rua
15387,MICHELLE FERNANDES GUEDES,MICHELLE FERNANDES GUEDES,RUA ANARDINO DE SOUZA,139,SANTOS DUMONT,ITAJUBA,MG,32;52;72;156,-22.4238234,-45.4524156,cidade
15389,VAREJAO POSCIDONIO LTDA EPP,VAREJAO POSCIDONIO LTDA EPP,R.CAP.HELIODORO MARIANO,946,CENTRO,MUZAMBINHO,MG,110;112;113;119,-21.3684325,-46.522317,cidade
15442,SUPERMERCADO OLIVEIRA & SILVA LTDA,SUPERMERCADO OLIVEIRA & SILVA,R.PREFEITO DAVID BUENO,270,JD.SAO BENEDITO,CAMBUI,MG,51;56;98;116;923,-22.6173211,-46.0576077,rua
15473,WALTER ALVES ALEXANDRE ME,WALTER ALVES ALEXANDRE ME,AV.SAO JOAO,1852,VILA ISMERIA,NEPOMUCENO,MG,20;66;71;178,-21.2378433,-45.237918,rua
15475,MARIA BENEDITA DE SALES M. & CIA LTDA ME,MARIA BENEDITA DE SALES M. & C,RUA CAPITAO MANOEL GOMES,110,CENTRO,BRASOPOLIS,MG,14;36;62;80,-22.4714244,-45.618834,rua
15493,NEREU CANDIDO DOS SANTOS ME,NEREU CANDIDO DOS SANTOS ME,R DR BUENO PAIVA,345,CRUZEIRO,CAMANDUCAIA,MG,16;31;59;117,-22.7573851,-46.151253,rua
15496,SILVESTRE RAMOS & RODRIGUES LTDA - ME,DISK FARMA,AVE SANTA CRUZ,19,CENTRO,MACHADO,MG,15;30;64;99;924,-21.6762861,-45.9211696,cidade
15504,JOSE EUSTAQUIO RODRIGUES ME,JOSE EUSTAQUIO RODRIGUES ME,R.MARIA JOSE PAIVA,710,CENTRO,SAO JOAO DA MATA,MG,15;30;64;99,-21.9278162,-45.9295624,rua
15507,DIMONE MACIEL PEREIRA,DIMONE MACIEL PEREIRA,R.CAPITAO MOR TOME RODRIGUES,325,CENTRO,BAEPENDI,MG,55;58;93,-21.9547951,-44.8878451,rua
15515,SIDNEI LEME DE OLIVEIRA,SIDNEI LEME DE OLIVEIRA,R.VITORIA,256,CENTRO,TOLEDO,MG,11;139;140;141,-22.7415729,-46.3721235,rua
15532,EDI SILVEIRA DE SOUZA BATISTA ME,EDI SILVEIRA DE SOUZA BATISTA,R.CORONEL CASEMIRO,1085,BELA VISTA,CONCEICAO DA APARECIDA,MG,3;37;100;161,-21.0924868,-46.2071148,rua
15533,SUPERMERCADO NOSSA SENHORA APARECIDA LTDA,SUPERMERCADO NOSSA SENHORA APA,AV.DAS FONTES,214,MAGIOLI,MONTE SIAO,MG,2;27;53;97,-22.4246191,-46.5747994,rua
15546,RAMOS COMERCIO E PANIFICADORA LTDA ME,PAN.STA RITA,AV.BELCHIOR DIAS MOREIRA,621,BANDEIRANTES,TRES CORACOES,MG,26;38;70;162,-21.6813847,-45.2711044,rua
15551,COMERCIO C.P LTDA,LANCHONETE,AV.REGIS BITENCOURT,38,CENTRO,PERDOES,MG,20;66;71;178,-21.0971308,-45.0877716,rua
15571,CASTRO ERNANI SUPERMERCADO LTDA,CASTRO ERNANI SUPERMERCADO LTD,"R WALDEMAR ROMANO, 33 - A",,REBOUGEON,ITAJUBA,MG,32;52;72;156,-22.4455098,-45.4794958,rua
15585,JOAO VIEIRA BRAGA,JOAO VIEIRA BRAGA,PRACA ANTONIO VELLANI,238,CENTRO,POCO FUNDO,MG,15;30;64;99,-21.780834,-45.965,cidade
15590,SEBASTIAO VITOR DA CUNHA,BAR/MERC.STA EDWIGES,R.DOM SILVERIO,215,REGINA COELI,CAMBUQUIRA,MG,26;38;70;162,-21.853056,-45.2953619,cidade
15653,DROGARIA MARCHETTI & PEREIRA LTDA,DROGARIA MARCHETTI & PEREIRA L,RUA BARAO DA BOA ESPERANCA,159,CENTRO,TRES PONTAS,MG,35;47;69;95,-21.3686224,-45.5122937,cidade
15663,ANTONIO MAGNO VILAS BOAS,MERC.DO TONINHO,R.CORONEL MACHADO,107,CENTRO,PEDRALVA,MG,32;52;72;156,-22.2420413,-45.4669918,rua
15673,MERCADINHO RHITZ LTDA,MERCADINHO RHITZ LTDA,R.ANGELO CAETANO DOS SANTOS,471,CRUZEIRO,CAMANDUCAIA,MG,16;31;59;117,-22.755278,-46.144444,cidade
15676,SUPERMERCADO J.J.R LTDA EPP,SUPERMERCADO J.J.R LTDA EPP,AV DONA LIGUINHA SILVEIRA,1579,COHAB I,PASSOS,MG,12;22;45;65,-20.7167803,-46.6156864,cidade
15677,MARIA APARECIDA VENTURA EPP,MARIA APARECIDA VENTURA EPP,PCA DOM OSORIO,174,CENTRO,TURVOLANDIA,MG,15;30;64;99,-21.875556,-45.786944,cidade
15685,R.T.C COMERCIAL LTDA,SM.DELACASA,AV ROGASSIANO FRANCISCO COELHO,1705,NOVA VARGINHA,VARGINHA,MG,50;60;84;101,-21.5868081,-45.4593861,rua
15700,ANTONIO GERALDO DE OLIVEIRA,ANTONIO GERALDO DE OLIVEIRA,R.CESARIO MACHADO,86,SAO SEBASTIAO,OLIVEIRA,MG,73;74,-20.7009887,-44.8121561,rua
15705,FARMACIA CENTRAL MARCONDES LTDA,FARMACIA CENTRAL,PRAÇA JOSE GOUVEIA,68,CENTRO,BRASOPOLIS,MG,14;36;62;80,-22.4742842,-45.6165577,cidade
15707,ANA ANGELICA SILVA COSTA,ANA ANGELICA SILVA COSTA,R.LAZARO CARNEIRO,17,JD.BEIRA RIO,PIRANGUINHO,MG,88;92;94;155,-22.4029372,-45.5338952,cidade
15723,DROGARIA RS LTDA,LIDER SAUDE,AVENIDA PRINCESA DO SUL,152,JARDIM ANDERE,VARGINHA,MG,50;60;84;101,-21.5876279,-45.4381765,rua
15735,ELZA AP.MORAIS SANTOS,M.MERC.MORAIS,R.SARAIVA DE MIRANDA,101,CENTRO,TOLEDO,MG,11;139;140;141,-22.7077135,-46.3804666,cidade
15739,LAURENTE E CARVALHO LTDA,DROGARIA TEIXEIRA LJ 01,RUA DOUTOR FRANCISCO SALLES,798,CENTRO,LAVRAS,MG,19;48;68;130,-21.2499068,-45.0036947,rua
15783,LUIS FRANCISCO ZANIN,LUIS FRANCISCO ZANIN,AV.WALDIR LISBOA,220,SANTA CRUZ,MONSENHOR PAULO,MG,26;38;70;162,-21.757778,-45.541111,cidade
15799,DROGARIA GIMIRIM LTDA,DROGARIA GIMIRIM LTDA,AV.DR LELIO DE ALMEIDA,265,CENTRO,POCO FUNDO,MG,15;30;64;99,-21.780834,-45.965,cidade
15803,CENIRA APARECIDA DOS SANTOS,CENIRA APARECIDA DOS SANTOS,RUA BASILIO EDUARDO DE SOUZA,590,JARDIM SILVEIRA,ALTEROSA,MG,3;37;100;161,-21.2527901,-46.1389825,rua
15819,JOAO VICENTE CARVALHO,JOAO VICENTE CARVALHO,R.JOAQUIM PIRES SOUZA,442,CENTRO,SERRANIA,MG,15;30;64;99,-21.5490669,-46.0468009,rua
15821,INGRID GUIMARAES SILVA LTDA,MERCADINHO CRUZ VERA,RODOVIA MG 295 KM 28,S/N,CRUZ VERA,BRASOPOLIS,MG,14;36;62;80,-22.4742842,-45.6165577,cidade
15831,COMERCIAL PICHELI LTDA - ME,COMERCIAL PICHELI LTDA - ME,R.TONICO DA SERRA,6,CHAPADA,ELOI MENDES,MG,50;60;84;101,-21.6037395,-45.5637029,rua
15834,SUPERMERCADO ALVES VIANA LTDA,SUPERMERCADO ALVES VIANA LTDA,R.JOAO GOMES DE LIMA,66,SAO VICENTE,ITAJUBA,MG,88;92;94;155,-22.4284307,-45.4544961,rua
15858,MARIA APARECIDA DE SOUSA BERNARDES LTDA,MARIA APARECIDA DE SOUSA BERNA,R.AMERICO TOTTI,1103,CENTRO,ALFENAS,MG,25;41;87;160,-21.4378698,-45.9386243,rua
15863,ILSON LUIZ ALVES,ILSON LUIZ ALVES,RUA JOSE PEDRO SANDY,397,MONTE ALEGRE,TRES CORACOES,MG,26;38;70;162,-21.6917951,-45.257067,rua
15869,JOSE MESSIAS ALVES,JOSE MESSIAS ALVES,RUA JOSE MOREIRA DE ALVARENGA,168,CRUZEIRO,PERDOES,MG,20;66;71;178,-21.0919737,-45.0903543,cidade
15900,CINEMATOGRAFIA MEYER,CINEMATOGRAFIA MEYER,PCA CORONEL JUSTINIANO SUB SOLO,72,CENTRO,CAMBUI,MG,51;56;98;116;923,-22.6122501,-46.0572137,cidade
15927,JOSE MAGNO VIEIRA ME,JOSE MAGNO VIEIRA ME,R.SARA ZAKHIA,190,CENTRO,ITUMIRIM,MG,19;48;68;130,-21.3148619,-44.8698486,rua
15928,JOAQUIM BUENO DA SILVA ME,JOAQUIM BUENO DA SILVA ME,"AV.JUSCELINO K OLIVEIRA , 780 A",,CENTRO,PIRANGUINHO,MG,88;92;94;155,-22.4029372,-45.5338952,cidade
15930,SUP. MELO & SOARES LTDA ME,SUPERMERCADO KIT CENTRAL,AV. JUSCELINO KUBTISCHECK,231,CENTRO,PIMENTA,MG,13;57;166,-20.4827995,-45.7985894,cidade
15931,SUPERMERCADO MARUCAS E CIA LTDA,ADILSON RODRIGUES MOREIRA ME,AV.JAIR LEITE,626,CENTRO,PIMENTA,MG,13;57;166,-20.4829474,-45.8055235,rua
15932,MAQ.SUPERMERCADO LTDA,MAQ.SUPERMERCADO LTDA,AV.JUSCELINO KUBITSCHEK,414,CENTRO,PIMENTA,MG,13;57;166,-20.479949,-45.7990988,rua
15933,MARTHA PEREIRA ME,MARTHA PEREIRA ME,PC.DA MATRIZ,364,CENTRO,ESTIVA,MG,29;40;54;67;167,-22.4638686,-46.0182101,cidade
15948,FARMACIA MINAS MASTER LTDA,FARMACIA MINAS MASTER,RUA DELFIM MOREIRA,284,CENTRO,VARGINHA,MG,50;60;84;101,-21.5551694,-45.4362438,rua
15952,MERCEARIA IRMAOS HENRIQUE,OLIMPIO PIRES DE MORAES,R.MANGUEIRAS,60,FLORESTA,CAMPO BELO,MG,23;46;63;177,-20.8966132,-45.2573263,rua
15956,PAD.KI SABOR LTDA,PAD.KI SABOR LTDA,R. ESPANHA,185,PQ DAS NACOES,POCOS DE CALDAS,MG,6;24;120,-21.7900318,-46.5647928,cidade
15963,CASA CARNES OLIVEIRA SILVA LTDA,CASA CARNES OLIVEIRA SILVA LTD,R 13 DE MAIO,1506,CENTRO,OURO FINO,MG,2;27;53;97,-22.2904627,-46.3837798,rua
15966,MEIRE APARECIDA FERNANDES ME,SM.DEVANIL,AV.JOAO JANUARIO MAGALHAES,479,PINHEIRINHO,ALFENAS,MG,25;41;87;160,-21.4229024,-45.9779912,rua
15976,SUP.DI CLAUDIO LTDA,SM.S.GERALDO,AV.ARAGUAIA,1425,SAO GERALDO,CLAUDIO,MG,73;74;121,-20.4366822,-44.78212,rua
15992,SAMAMBAIA CONVENIENCIA LTDA,SAMAMBAIA CONVENIENCIA LTDA,"AV.MONSENHOR MANCINI , 1370 B",,VILA DALVA,SAO SEBASTIAO DO PARAISO,MG,7;8;79;119;168,-20.9178743,-46.9851361,rua
16000,"PADARIA, CONFEITARIA E LANCHONTE SABOR DO TRIGO LTDA","PADARIA, CONFEITARIA E LANCHON",AVENIDA AVELINO FALEIRO,682,CACIMBA,CARMOPOLIS DE MINAS,MG,133;170,-20.541224,-44.6350611,cidade
16005,J.M COMERCIAL EIRELI EPP,J.M COMERCIAL EIRELI EPP,AV.MARIA JOSE DE PAIVA,311,CENTRO,SAO JOAO DA MATA,MG,15;30;64;99,-21.9311736,-45.9287155,cidade
16014,SUPERMERCADOS LACERDA MARQUES LTDA,SM LACERDA LJ 01,AV.PEDRO ALBERTO LEITE,840,VL.STA EDWIRGES,ALFENAS,MG,25;41;87;124;160,-21.4297405,-45.9479419,cidade
16027,EMILIANA PEREIRA CARVALHO,EMILIANA PEREIRA CARVALHO,RUA JOSE JOAQUIM,922,VARGINHA,ITAJUBA,MG,88;92;94;155,-22.4271992,-45.4487943,rua
16033,SHELL CONVENIENCIA LTDA,SHELL CONVENIENCIA LTDA,"AV.DR.SILVIO MENICUCCI , 200 A",,CENTRO,LAVRAS,MG,129,-21.2495057,-44.9928186,rua
16043,ADELMA INEZ MUNIZ EPP LOJA 2,SM.DO PORTUGUES,R.FERNANDO BIAJONI,102,CENTRO,IPUIUNA,MG,89;90;107;109,-22.0993203,-46.1896557,cidade
16051,MARIA HELENA DIAS,MARIA HELENA DIAS,ATRAS DA PEDRA,S/N,ATRAS DA PEDRA,GONCALVES,MG,88;92;94;155,-22.658883,-45.8558405,cidade
16052,SAO MATEUS COMERCIO VAREJ DE ALIMENTOS EIRELI,SM.S.MATHEUS,R.CONS.ALFREDO PINTO,240,CENTRO,GONCALVES,MG,88;92;94;155,-22.6570901,-45.8546425,rua
16106,GONCALVES SUPERMERCADOS LTDA - ME,SM.GONCALVES,R.CEL.JOAO EVANGELISTA DOS ANJOS,601,CENTRO,MONTE BELO,MG,110;112;113;119,-21.319512,-46.3668919,rua
16121,BAR E LANCHONETE CE QUE SABE LTDA,BAR E LANCHONETE CE QUE SABE L,PCA PADRE VALDOMIRO AMARAL,227,SANTO ANTONIO,POUSO ALEGRE,MG,184,-22.2343858,-45.9327241,cidade
16130,TEREZINHA DE FATIMA GONCALVES,MERCADO CENTRAL M.FERREIRA G.,AV.PAULINO JOSE SOARES,50,CENTRO,CAMBUQUIRA,MG,26;38;70;162,-21.8563116,-45.2927119,rua
16134,SUPERMERCADO ITA FORT LTDA EPP,SUPERMERCADO ITA FORT LTDA EPP,AV.DR.ANTONIO G.DE OLIVEIRA,61,CENTRO,ITAGUARA,MG,133;170,-20.391389,-44.488055,cidade
16151,FARMACIA NOGUEIRA SOUZA LTDA EPP,FARMACIA NOGUEIRA SOUZA LTDA E,R PROFESSOR ANTONIO NEDER,210,CENTRO,SAO GONCALO DO SAPUCAI,MG,29;67;157;167,-21.8905818,-45.5948209,rua
16164,N F SUPERMERCADOS LTDA,SUPERMERCADOS CARROSSEL,R.DR.OLAVO GOMES PINTO,95,CENTRO,SAO LOURENCO,MG,39;43;82;85;922,-22.1207662,-45.052268,rua
16183,LIMA & FLORES LTDA  EPP,LIMA & FLORES LTDA  EPP,R.CAP.ANTONIO ALMEIDA,140,CENTRO,PARAISOPOLIS,MG,14;36;62;80,-22.5498089,-45.7777527,rua
16187,MERCADO MATHEUS THIERES LTDA,MERCADO MATHEUS THIERES LTDA,AVENIDA JOSE VILELA DA COSTA,485,STA MARIA,ILICINEA,MG,3;37;100;161,-20.937576,-45.832609,rua
16194,JOAO BATISTA DO VALE,JOAO BATISTA DO VALE,AV.GETULIO VARGAS,1727,VOLTA DO LAGO,LAMBARI,MG,61;81;157;159,-21.9891513,-45.3393237,rua
16202,VALMIR ANTONIO FRANCK ME,POSTO,"RODOVIA BR 491, KM 202",,RODOVIA,PARAGUACU,MG,15;30;64;99,-21.547222,-45.7375,cidade
16225,MINI MERCADO SO DE LTDA,MINI MERCADO SO DE LTDA,R.ALFREDO MARANI,239,CRUZEIRINHO DO SUL,LAVRAS,MG,19;48;68;130,-21.2534869,-45.005209,rua
16226,DERLI DEHON REIS ME,DERLI DEHON REIS ME,R.LEON JOFRE AVAYOU,1099,CRUZEIRINHO DO SUL,LAVRAS,MG,19;48;68;130,-21.2425512,-44.9991978,cidade
16233,W M TURISMO LTDA,HOTEL NACIONAL LTDA,RUA BARROS COBRA,35,CENTRO,POCOS DE CALDAS,MG,4;5;75;171,-21.7896824,-46.5641119,rua
16242,PANIFICADORA MONTE VERDE LTDA,PANIFICADORA MONTE VERDE LTDA,R.TIRADENTES,20,CENTRO,CAMANDUCAIA,MG,16;31;59;117,-22.7569455,-46.1468985,rua
16258,CASA ROBERTO NEVES LTDA,CASA ROBERTO NEVES LTDA,R.CEL.VICENTE SEIXAS,53,CENTRO,BAEPENDI,MG,55;58;93,-21.970971,-44.8956745,rua
16259,PADARIA E CONFEITARIA DONA DADA LTDA,PADARIA E CONFEITARIA DONA DAD,R.JOSE ALBERTO PELUCIO,146,CENTRO,BAEPENDI,MG,55;58;93,-21.9586337,-44.8903031,rua
16265,MAURO AFONSO DE CASTRO MARTINS,MAURO AFONSO DE CASTRO MARTINS,R.LAVRAS,163,DISTRITO INDUSTRIAL,BOM SUCESSO,MG,20;66;71;178,-21.0210374,-44.7449904,rua
16283,SUPERMERCADO RMJP LTDA,SUPERMERCADO RMJP LTDA,R.CORNELIO ANDRADE PEREIRA,141,CENTRO,TRES CORACOES,MG,26;38;70;162,-21.6955731,-45.2533783,rua
16284,FRIOS LATICINIOS LIDER LTDA,FRIOS LATICINIOS LIDER LTDA,R.PREFEITO CHAGAS,363,CENTRO,POCOS DE CALDAS,MG,125,-21.7888234,-46.5625173,rua
16289,DROG.E FARM AMERICANA S.LOURENCO LTDA,DROG.E FARM AMERICANA S.LOUREN,AV.DOM PEDRO II,727,CENTRO,SAO LOURENCO,MG,39;43;82,-22.1164228,-45.0592189,rua
16292,MINI MERCADO PRECO MENOR LTDA,MINI-MERCADO PRECO MENOR LTDA,AVENIDA BOM JESUS,514,CENTRO,BUENO BRANDAO,MG,89;90;107;109,-22.4430525,-46.3503999,rua
16295,WILSON SOUZA PINTO,WILSON SOUZA PINTO,R.JOAO RIBEIRO ALMEIDA,38,JD.NOVA SUICA,BUENO BRANDAO,MG,89;90;107;109,-22.4419215,-46.3447903,rua
16296,JOSE CARLOS DA SILVA,MINI MERCADO LEU,RUA MODESTO ALVES COUTINHO,319,CENTRO,BUENO BRANDAO,MG,89;90;923,-22.4385569,-46.348906,rua
16298,SUPERMERCADO CASA VERDE LTDA,SM.CASA VERDE LTDA,AV.MARIO LANZANI,345,JD.AMERICA,ANDRADAS,MG,96;106;135,-22.0750507,-46.5788183,rua
16309,DR. OETKER DO BRASIL LTDA,DR. OETKER,R.JOAQUIM LAPAS VEIGA,239,JARDIM DO LAGO,SAO PAULO,SP,1,-23.5506507,-46.6333824,cidade
16322,SUPERMERCADO DOURADO LTDA EPP,SUPERMERCADO DOURADO LTDA EPP,R.JOAO HONORATO DE CARVALHO,66,CENTRO,CARVALHOPOLIS,MG,15;30;64;99,-21.7776315,-45.8432235,rua
16332,RESTAURANTE ALVORADA DA SERRA LTDA,RESTAURANTE ALVORADA DA SERRA,ROD BR 381  KM 554,S/N,MATEUS,ITAGUARA,MG,133;170,-20.391389,-44.488055,cidade
16347,DISTR. PROD. ALIMENTICIOS PAZOTTI LTDA,PAZOTTI MG,"AV. ALBERTO VIEIRA ROMAO , 3.256",,DIST.INDUSTRIAL ABR.ADOL.ENGEL,ALFENAS,MG,1,-21.4106406,-45.9731081,rua
16353,DROGARIA MINAS MASTER LTDA,DROGARIA MINAS MASTER,AV BENJAMIN CONSTANT,482,CENTRO,VARGINHA,MG,50;60;84;101,-21.5627672,-45.446259,rua
16355,SUPERMERCADO EXPOSICAO LTDA,SUPERMERCADO EXPOSICAO LTDA,R.JOAO XXIII,630,EXPOSICAO,PASSOS,MG,12;22;45;65,-20.7357097,-46.6074405,rua
16379,MAURO LUCIO DE SALES,MAURO LUCIO DE SALES,R.CEL.JOSE MOURA AMARAL,656,JOAO FRANCISCO,LAVRAS,MG,19;48;68;130,-21.231813,-45.0020096,rua
16380,PANIF.NOVA ALIANCA LTDA,PANIF.NOVA ALIANCA LTDA,RUA BARAO DO RIO BRANCO,146,CENTRO,SAO LOURENCO,MG,39;43;82,-22.1159878,-45.0598676,rua
16381,RICHARDSON CANDIDO DA SILVA ME,CASA DE CARNE,R.XV DE NOVEMBRO  LOJA 03/04,231,CENTRO,SAO LOURENCO,MG,39;43;82,-22.116389,-45.054167,cidade
16389,SAMUEL CORREIA DE CARVALHO,SAMUEL CORREIA DE CARVALHO,R.COMENDADOR SILVA SIMOES,156,CARIOCA,SAO LOURENCO,MG,39;43;82,-22.104175,-45.061146,rua
16400,FLAVIO DE GRACIA SILVEIRA,FLAVIO DE GARCIA SILVEIRA ME,R JOAQUIM TEODORO,230,CENTRO,CAPETINGA,MG,118;173;174;175,-20.6171528,-47.0588864,rua
16408,HOTELEIRA MINAS GERAIS DE POCOS DE CALDAS LTDA.,HOTEL MINAS GERAIS,RUA PERNAMBUCO,615,CENTRO,POCOS DE CALDAS,MG,4;5;75;171;910,-21.7844191,-46.5668388,rua
16418,COMERCIAL CAVAROLI E TOGNARELLI LTDA,COMERCIAL CAV E TOGNAREL,RUA DR. ALCIDES MOSCONI,151,CENTRO,ANDRADAS,MG,96;106;135,-22.0693412,-46.5707584,cidade
16430,PEDRO RAIMUNDO DA SILVA,PAD.DO PEDRINHO,R.CARMOPOLIS,165,CENTRO,ITAGUARA,MG,133;170,-20.3939256,-44.4915099,rua
16433,PAULO CESAR COSTA ME,PAULO CESAR COSTA ME,ROD.BR 354 KM 704,S/N,ESTIVA,ITAMONTE,MG,17;34;91,-22.2830726,-44.8695785,cidade
16435,MARCOS ANTONIO DA SILVA,SM.BELA VISTA LTDA ME,R.ANTONIO VICENTE DO NASCIMENTO,360,V.NOVA,SANTA RITA DE CALDAS,MG,89;90;107;109,-22.0292109,-46.3312526,rua
16436,MERCADINHO WELLINGTON E CAMILA LTDA - ME,SUPERMERCADO DO CAMILO,R. MARIA FRANCISCA REZENDE,965,CORREGO DOS MULATOS,ESTIVA,MG,29;40;54;67;167,-22.4638686,-46.0182101,cidade
16446,JOSE RODRIGO PEDREIRA,A NOVA PADARIA,RUA JOAO HONORATO DE CARVALHO,116,CENTRO,CARVALHOPOLIS,MG,15;30;64;99,-21.7776315,-45.8432235,rua
16468,ADILSON F.MARTINS ME,ADILSON F.MARTINS ME,RUA ILDELFONSO VENTURA DE CARVALHO,82,CENTRO,TURVOLANDIA,MG,15;30;64;99,-21.875556,-45.786944,cidade
16472,ROSINEI RESENDE G.ANDRADE ME,ROSINEI RESENDE G.ANDRADE ME,R.COSTA PEREIRA,44,CENTRO,LAVRAS,MG,129,-21.2430333,-44.9952128,rua
16480,ROMERO E POLI ROMERO LTDA,M.MERC.UNIAO,AV.DOS JACARANDAS,556,JD.PRIMAVERA,ALFENAS,MG,25;41;87;160,-21.4297405,-45.9479419,cidade
16481,JOSE VITOR DOMINGUES,JOSE VITOR DOMINGUES,PCA MARTINIANO RIBEIRO DO COUTO,S/N,TANQUE,SILVIANOPOLIS,MG,29;40;81;159,-22.029723,-45.835277,cidade
16489,AVIAO BAR E LANC LTDA ME,AVIAO BAR E LANC LTDA ME,AV.DR.DOMINGOS CONDE,700,PARQUE PINHEIROS,PARAGUACU,MG,15;30;64;99,-21.5593225,-45.7291929,rua
16504,JOSE OTAVIO VILELLA,JOSE OTAVIO VILELLA,AV.JOSE COSTA BARROS,S/N,AGUAS CONTENDAS,CONCEICAO DO RIO VERDE,MG,17;34;91,-21.8952643,-45.0231218,rua
16522,MERCEARIA CHAPADAO DE NATERCIA LTDA,MERC.CHAPADAO DE NATERCIA LTDA,RUA JOSE DE SOUZA CAMPOS,262,CENTRO,NATERCIA,MG,61;81;157;159,-22.1168278,-45.5098704,rua
16531,JOSEFA BARBOSA DA SILVA,JOSEFA BARBOSA DO NASCIMENTO,R.MONACO,325,PONTE ALTA,EXTREMA,MG,11;139;140;141,-22.8624892,-46.328681,rua
16538,JOAQUIM FRANCISCO PEREIRA ME,MERC.JF PEREIRA,R.DIOGO UCHOAS,247,CENTRO,VIRGINIA,MG,55;58;93,-22.3337003,-45.0942913,rua
16540,SUPERMERCADO POUSO ALTO LTDA,SUPERMERCADO POUSO ALTO LTDA,AV.HAROLDO RUSSANO,174,CENTRO,POUSO ALTO,MG,55;58;93,-22.2012224,-44.9759793,rua
16546,ANTONIO ADELINO DE OLIVEIRA,ANTONIO ADELINO DE OLIVEIRA,RUA ALEXANDRE LAZARINI,254,CENTRO,NEPOMUCENO,MG,20;66;71;178,-21.232744,-45.2352276,cidade
16548,MERCEARIA DO RICARDO LTDA,MERCEARIA DO RICARDO LTDA,PCA. DONA MARIA SAMPAIO AYRES,2,CENTRO,CRISTINA,MG,88;92;94;155,-22.212222,-45.264167,cidade
16565,CARDOSO E NOGUEIRA RESTAURANTE LTDA-ME,REST.AGUA NA BOCA,RUA ALZIRA MAGALHAES BARRA,90,PARQUE BOA VISTA,VARGINHA,MG,18;44;83;102,-21.5489443,-45.4502832,rua
16569,MARIA INES DE OLIVEIRA CANADAS ME,MARIA INES DE OLIVEIRA CANADAS,R.ENG.MNSTAPHA I.B.CORTIN,261,CENTRO,SENADOR JOSE BENTO,MG,89;90;107;109,-22.1641985,-46.1785855,cidade
16570,MINI BOX OLIVEIRA,MINI BOX OLIVEIRA,R PERDOES,126,SAO JOAO,POUSO ALEGRE,MG,61;81;157;167,-22.239964,-45.9574438,rua
16574,SUPERMERCADO DO BIA LTDA,SUPERMERCADO DO BIA LTDA,AVENIDA PRESIDENTE TANCREDO NEVES,111,SAO SEBASTIAO,ELOI MENDES,MG,50;60;84;101,-21.6094466,-45.5660211,cidade
16590,COMERCIAL LEAL E FERREIRA LTDA,SM.UNIAO,R.MARIA JOSE DE PAIVA,510,CENTRO,SAO JOAO DA MATA,MG,15;30;64;99,-21.9278162,-45.9295624,rua
16605,MAURO LUCIO RIBEIRO E CIA LTDA,SM.PAO DE MEL,R.VINTE E UM DE NOVEMBRO,1103,VILA ISABEL,ITAJUBA,MG,32;52;72;156,-22.4238234,-45.4524156,cidade
16620,SONIA GUIMARAES,SONIA GUIMARAES,R.DARIO PENEDO,77,SAO VICENTE,LAVRAS,MG,129,-21.2425512,-44.9991978,cidade
16642,AMARILDO PAULINO DE LIMA ME,AMARILDO PAULINO DE LIMA ME,AVENIDA PLINIO QUINETE,785,CENTRO / MILAGRE,MILAGRE,MG,10;42;86;172,-21.3002409,-47.0105082,rua
16648,BAZAR E MERCEARIA SUL MINAS LTDA,BAZAR E MERCEARIA SUL MINAS LT,R PREF JOAO BELMIRO COSTA,135,CENTRO,CACHOEIRA DE MINAS,MG,14;36;62;80,-22.3554043,-45.7796324,cidade
16650,SUPERMERCADO JUQUINHA LTDA,SUPERMERCADO JUQUINHA LTDA,AV.LUIZ CORREIA CARDOSO,146,CENTRO,MARIA DA FE,MG,32;52;72;156,-22.3081652,-45.3752771,cidade
16668,LUALIZ COMERCIO LTDA ME,LUALIZ COMERCIO LTDA ME,"R.VILA IBITURUNA , 643 B",,PALMEIRAS,BOM SUCESSO,MG,20;66;71;178,-21.0385606,-44.7578601,rua
16728,SAULA GUALBERTO FURLAN ME,SAULA GUALBERTO FURLAN ME,AV.EVARISTO GOMES GUERRA,1071,JD.GLORIA,LAVRAS,MG,129,-21.2351555,-45.0049094,rua
16836,COMERCIAL SHIRLEY SUPERMERCADO LTDA,COMERCIAL SHIRLEY SUPERMERCADO,RUA SETE DE SETEMBRO,275,DOS QUARTEIS,FORMIGA,MG,49;78,-20.4675316,-45.4226938,rua
16874,SOLANGE SILVA COSTA ME,SUPERMERCADO SAMARA,AV.JAIR LEITE,403,CENTRO,PIMENTA,MG,13;57;166,-20.4830313,-45.8055226,rua
16917,MARLENE MARIA R.COSTA & CIA LTDA ME,MARLENE MARIA R.COSTA & CIA LT,AV.CEL.JUVENTINO DIAS TEIXEIRA,1500,JD.GLORIA,LAVRAS,MG,19;48;68;130,-21.2433275,-45.0070838,rua
16919,JOSE ROBERTO ARRUDA,JOSE ROBERTO ARRUDA,R.DR.SILVESTRE FERRAZ,34,CENTRO,CRISTINA,MG,88;92;94;155,-22.2121527,-45.2612543,rua
16965,JOSE EUSTAQUIO F ROSA ME,JOSE EUSTAQUIO F ROSA ME,RUA HERCULANO B. RIOS,176,ALTO DO ROSARIO,ITAPECERICA,MG,73;74,-20.472778,-45.125556,cidade
17008,ORGANIZACAO REAL LTDA LOJA 02,ORGANIZACAO REAL LTDA LOJA 02,"R.PRUDENTE DE MORAES , 425 A",,ALTO DAS MERCES,CAMPO BELO,MG,23;46;63;177,-20.8975,-45.277223,cidade
17012,MERC.UNIAO 2 IRMAOS LTDA,MERC.UNIAO 2 IRMAOS LTDA,R. JOSE CAPISTRANO DE SOUZA,847,BOA VENTURA,TRES CORACOES,MG,26;38;70;123;162,-21.6864153,-45.2331471,rua
17022,BENEVIDES LUIZ DE SOUZA LTDA,SUPERMERCADO BENEVIDES,R ANTONIO MOTA DA SILVA,14,COSTAS,PARAISOPOLIS,MG,88;92;94;155,-22.5541683,-45.7800024,cidade
17023,RS SUPERMERCADO LTDA,RS SUPERMERCADO,RUA FRANCISCO NOGUEIRA DE PAULA DA LUZ,2,CENTRO,CONSOLACAO,MG,51;56;98;116,-22.551389,-45.921111,cidade
17034,CRISTIANE TAVARES R.DO NASCIMENTO,CRISTIANE TAVARES R.DO NASCIME,PCA.PRESIDENTE VARGAS,121,CENTRO,CARMO DA MATA,MG,73;74,-20.5601263,-44.8698587,rua
17035,FLAVIO CAMARGO DE PAULO ME,FLAVIO CAMARGO DE PAULO ME,R.JOAO BASILIO,335,CENTRO,POUSO ALEGRE,MG,184,-22.2312434,-45.9331666,rua
17056,MERCADINHO SAO MIGUEL LTDA,MERCADINHO SAO MIGUEL,RUA DOUTOR ENOUT,243,CENTRO,CAXAMBU,MG,85;922,-21.9753607,-44.9329243,rua
17065,SENILZA REGINA DE LIMA E CIA LTDA ME,SENILZA REGINA DE LIMA E CIA L,PRACA TEOMARA MAISE CORREA,308,CENTRO,SANTANA DA VARGEM,MG,35;47;69;95,-21.2491719,-45.5068185,cidade
17092,MARIA ELIANE VINAGRE,MARIA ELIANE VINAGRE,R.NEPOMUCENO,104,CENTRO,COQUEIRAL,MG,35;47;69;95,-21.1874501,-45.4446488,rua
17096,JACINTO DE ANDRADE PEIXOTO,MINI BOX PEIXOTO,RUA DOS ADVOGADOS,46,CENTRO,IBIRACI,MG,118;173;174;175,-20.4607267,-47.1185052,rua
17097,WALTER APARECIDO DUARTE,MERC/QUIT.WALTINHO,RUA DR. ARLINDO LUZ,55,CENTRO,PASSA QUATRO,MG,55;58;93,-22.3893803,-44.9666039,cidade
17099,LUIS ROBERTO DO CARMO ME,MERCEARIA LIDER,R ANTONIO ALVES GARCIA,104,JK,PIMENTA,MG,13;57;166,-20.4860934,-45.8081207,rua
17109,POLICENA AUXILIADORA LINO,POLICENA AUXILIADORA LINO,R.RAUL RABELO,250,JD.SAO BENTO,POCOS DE CALDAS,MG,6;24;120,-21.8327015,-46.5701303,rua
17110,FLAVIO GOULART DA SILVA,CASA CARNE CAPITOLIO,R.DR.AVELINO DE QUEIROZ,637,CENTRO,CAPITOLIO,MG,13;57;166,-20.6112346,-46.0557503,rua
17111,CASA DE FRIOS COELHO E VIDAL LTDA,CASA DE FRIOS COELHO E VIDAL L,R.JOAQUIM BEIJO,234,CENTRO,PIUMHI,MG,13;57;166,-20.4754496,-45.9615736,rua
17112,JULIO CESAR CORREA,ACOUGUE.S.JOSE,RUA SILVIO PAULINO DA COSTA,311,JD ELDORADO,BOTELHOS,MG,6;24;120,-21.6457832,-46.3907537,rua
17130,FERNANDO DA SILVA MORAIS ME,SM.S.GERALDO,R.LAERCIO DA MATA PEDROSA,227,SAO GERALDO,SAO FRANCISCO DE PAULA,MG,73;74,-20.7073324,-44.9873057,rua
17138,RODRIGO DE SOUZA GONCALVES ME,EMPORIO NOVO MUNDO,AV.BRASIL,347,NOVO MUNDO,CLAUDIO,MG,73;74,-20.4397868,-44.7573354,rua
17139,NIVALDO BENTO DE CARVALHO ME,NIVALDO BENTO DE CARVALHO ME,R.ZEQUINHA PINTO,535,CENTRO,PIRACEMA,MG,133;170,-20.5085911,-44.474453,rua
17147,SUPERMERCADO MARISTELA LTDA,SM.MARISTELA,AV.JOAO DE CAMARGO,341,INATEL,SANTA RITA DO SAPUCAI,MG,14;36;62;80,-22.255148,-45.6993305,rua
17163,VANESSA DOS SANTOS FERNANDES E CIA LTDA,SACOLAO VERDE VIDA,PC JOSE GOUVEA,28,CENTRO,BRASOPOLIS,MG,14;36;62;80,-22.4742842,-45.6165577,cidade
17168,FABIO PEREIRA MARTINES,FABIO PEREIRA MARTINES,R.EDSON FARIA DA SILVA,75,N.SENH.DO PILAR,POUSO ALEGRE,MG,29;67;157;159,-22.2151327,-45.9350535,rua
17186,JOSE FRANCISCO NETO,JOSE FRANCISCO NETO,RUA CORONEL PROCOPIO RIBEIRO,90,CENTRO,GONCALVES,MG,88;92;94;155,-22.6592324,-45.8584077,rua
17198,NEUSA MARIA DE PAIVA FERNANDES,PAD.STA RITA DE CASSIA,AV.CAP.OSVINO PINTO DE SOUZA,9,SAO CRISTOVAO,POUSO ALEGRE,MG,184,-22.2809933,-45.9174969,rua
17208,SUPERMERCADO 5 IRMÃOS LTDA,SUPERMERCADO 5 IRMÃOS LTDA,RUA JOAQUIM DE PAIVA CARDOSO,315,VILA NOSSA SENHORA APARECIDA,CAMBUI,MG,51;56;98;116;143;923;926,-22.6067717,-46.0561167,rua
17218,JOSE MARIA VIEIRA DE CARVALHO & CIA LTDA,JOSE MARIA VIEIRA DE CARVALHO,AV.DOS MANACAS,115,CANAA,SAO LOURENCO,MG,39;43;82,-22.116389,-45.054167,cidade
17227,BARALDI E SILVA ME,BARALDI E SILVA ME,R CORONEL VIRGILIO SILVA,3990,CH.ALVORADA,POCOS DE CALDAS,MG,6;24;120,-21.7865589,-46.5479659,rua
17228,MERCANTIL PONTO CERTO LTDA LJ.03,MERCANTIL PONTO CERTO LTDA LJ.,RUA AMERICO PAOLINELLI,03,CENTRO,CARMOPOLIS DE MINAS,MG,121;133;170,-20.5367795,-44.6329113,rua
17235,SUPERMERCADO PIASSI LTDA,SUPERMERCADO PIASSI LTDA,R ANTONIO PEDRO,484,CENTRO,CARMO DA MATA,MG,73;74,-20.5540612,-44.8680575,rua
17240,DOCE CANA TABACARIA  LTDA ME,POSTO VIOLETA,R PADRE JOAO JOSE,20,ANGOLA,GUAXUPE,MG,10;42;86;172,-21.3037714,-46.7139558,rua
17247,PADARIA MORAES GUIMARAES LTDA ME,PAD.KI GOSTOSO,R.PROF.NICOLINA BERNARDO,438,SANTA MARIA,POCOS DE CALDAS,MG,4;5;75;171,-21.7929217,-46.5743112,rua
17254,MERCADINHO DO MESSIAS LTDA,MERCADINHO DO MESSIAS,AV BRASIL,699,VILA HELENA,SAO SEBASTIAO DO PARAISO,MG,7;8;79;168,-20.9030285,-47.0018634,rua
17255,JOEL VITOR DE LIMA,JOEL VITOR DE LIMA,R RUI BARBOSA,10,CENTRO,COQUEIRAL,MG,35;47;69;95,-21.1899645,-45.4377163,rua
17263,A & F DROGARIA LTDA,A & F DROGARIA LTDA - ME,AVE MARACANA,255,CENTRO,OLIVEIRA,MG,73;74,-20.6971953,-44.8273969,cidade
17275,EDINALDO DA SILVA FAGUNDES ME,PEGPAG ALVORADA,RUA AMANCIO MAZZAROPI,89,EST.SAO JOSE,POCOS DE CALDAS,MG,6;24;120,-21.7900318,-46.5647928,cidade
17301,CAMILA RAFAELA DE MELO ROCHA,CAMILA RAFAELA DE MELO ROCHA M,RUA CORONEL BRITO FILHO,315,FATIMA,POUSO ALEGRE,MG,29;67;157;159,-22.2250064,-45.9146411,rua
17305,FUGINI ALIMENTOS LTDA,FUGITA,AV. FUGITA,900,JARDIM PARAISO,MONTE ALTO,SP,1,-21.2729397,-48.5198249,rua
17313,ADAIR DOS SANTOS DE JESUS,ADAIR DOS SANTOS DE JESUS,R.ALBERTINA SOARES DE MOURA,280,PALMEIRAS,BOM SUCESSO,MG,20;66;71;178,-21.0338549,-44.7491435,rua
17316,JF E G SUPERMERCADO LTDA ME,B V SUPERMERCADO,R.ANTONIO RIBEIRO BARRA,121,PQ BOA VISTA,VARGINHA,MG,50;60;84;101,-21.5477752,-45.4527298,rua
17325,JOSE RODRIGUES FERNANDES,SUPERMERCADO DO DUDU,RUA COMENDADOR JOAO CARNEIRO,47,CENTRO,CRISTINA,MG,88;92;94;155,-22.2166502,-45.2665147,rua
17337,GONCALVES SUPERMERCADOS LTDA - ME,S.GONCALVES,AVENIDA DR. HELIO ANDRADE ALVES,176,CENTRO,BOTELHOS,MG,6;24;120,-21.655416,-46.4025333,rua
17351,ADRIANA AP.DE OLIVEIRA ME LTDA,SM TALIS,PC.CAPITAO AURELIO,58,TREVO,COQUEIRAL,MG,35;47;69;95,-21.1871629,-45.4458819,rua
17373,LUIS DONIZETE PEREIRA - ME,LUIZ DONIZETE PEREIRA,RUA CORONEL VIRGILIO SILVA,3240,DOM BOSCO,POCOS DE CALDAS,MG,6;24;120,-21.7865589,-46.5479659,rua
17376,LUIZ HEITOR DOS REIS - ME,LUIZ HEITOR DOS REIS - ME,RUA JOSE DE MAGALHAES PINTO,203,CENTRO,INGAI,MG,20;66;71;178,-21.400833,-44.917223,cidade
17377,FABIO JUVENCIO SILVA,MERC.FABIO,AV. JUPTER,29,JARDIM SATELITE,PASSOS,MG,12;22;45;65,-20.7167803,-46.6156864,cidade
17383,RENER MACIEL ME,ACOUG/MERC.POPULAR,R.CAMBUQUIRA,225,SANTA MONICA,SAO LOURENCO,MG,43;82;85,-22.1290656,-45.0589817,rua
17388,PERFUMARIA TAVARES E SILVA LTDA,PERFUMARIA TAVARES E SILVA LTD,PCA OSWALDO COSTA,13,CENTRO,PARAGUACU,MG,15;30;64;99,-21.547222,-45.7375,cidade
17389,CHURRASCARIA TRADICAO GAUCHA LTDA,CHURRASCARIA TRADICAO GAUCHA,AV  JUCA STOCKLER,1099,NOVO HORIZONTE,PASSOS,MG,22;65,-20.7167803,-46.6156864,cidade
17398,AZARIAS ALVES ARANTES NETO,AZARIAS ALVES ARANTES NETO,AV.BADUE ELIAS ALEM,499,STA TEREZA,TRES CORACOES,MG,26;38;70;162,-21.695625,-45.2543675,cidade
17405,MARIA AUXILIADORA PEREIRA,SM.STO EXPEDITO,R.RIO BRANCO,889,JD.HARMONIA,PASSOS,MG,12;22;45;65,-20.7083696,-46.6003165,rua
17406,ANTONIO DONIZETE DE SOUZA ME,ANTONIO DONIZETE DE SOUZA ME,R.GOIAS SL 01,268,JARDIM POLIVALENTI,PASSOS,MG,12;22;45;65,-20.7167803,-46.6156864,cidade
17410,BELLA CONVENIENCIA LTDA,BELLA CONVENIENCIA LTDA,AVENIDA AFONSO PENA,1550,TREVO,CAMPO BELO,MG,114,-20.8933482,-45.263401,rua
17425,HYPER FRIOS COMERCIO LTDA ME,HIPER FRIOS,RUA DOS BRANDOES,232,CENTRO,PASSOS,MG,12;22;45;65,-20.7246973,-46.6070966,rua
17429,MARIA DO CARMO VILELA,CONFEITARIA CRISTALINA,RUA PRESIDENTE ANTONIO CARLOS,105,CENTRO,PASSOS,MG,12;22;45;65,-20.7201697,-46.6096599,rua
17432,RED BULL DO BRASIL LTDA,RED BULL,"R.IGUATEMI,  8/9 ANDS.CJ.81 A 83",192,ITAIM BIBI,SAO PAULO,SP,1,-23.5506507,-46.6333824,cidade
17438,DICKMANN E MENEGAZZO LANCHONETE LTDA,DICKMANN E MENEGAZZO LANCHONET,AV. PRES.TANCRETO DE A.NEVES,1041,S.JUDAS TADEU,ITAJUBA,MG,94;183,-22.4238234,-45.4524156,cidade
17454,PAD.E MINI MERCADO PAO CHIC LTDA,PAD.STA RITA,AV.WAGNER MACHADO,28,ACUDE,ITAJUBA,MG,32;52;72;156,-22.417305,-45.4951884,rua
17459,PAULO SERGIO RIBEIRO,PAULO SERGIO RIBEIRO,PC.JOSE GREGORIO,104,SANTANA CAPIVARI,POUSO ALTO,MG,55;58;93,-22.193889,-44.972778,cidade
17465,MERC.IDEAL M.3 LTDA,MERC.IDEAL M.3 LTDA,R.ALAGOAS,165,SAO BENEDITO,ALPINOPOLIS,MG,3;37;100;161,-20.8577091,-46.3882179,rua
17475,LUWAL LTDA,LUWAL LTDA,R DR CARVALHO,612,CENTRO,PASSOS,MG,12;22;45;65,-20.7416473,-46.6023185,rua
17495,FRANCISCO DONIZETI PEREIRA ME,FRANCISCO DONIZETI PEREIRA ME,R.MARIA DAS DORES BARBOSA,98,ESPLANADA,POUSO ALEGRE,MG,29;67;157;159,-22.2186359,-45.9388799,rua
17508,MERCEARIA ITA MINAS LTDA ME,MERCEARIA ITA MINAS LTDA ME,AV.ANY CARNEIRO,790,JD.ALZIRA,ITANHANDU,MG,17;34;91,-22.2957913,-44.9366732,cidade
17516,SUPER ECONOMICO DE CABO VERDE LTDA,SUPER ECONOMICO DE CABO VERDE,PC.LUIZ ROMAO SIQUEIRA,417,CENTRO,CABO VERDE,MG,110;112;113,-21.4743338,-46.3964995,cidade
17518,FERREIRA E ANDREASSA LTDA,MERC.STO ANTONIO,R.OLAVO BILAC,851,CENTRO,ARCEBURGO,MG,10;42;86;172,-21.3661051,-46.9409538,rua
17526,MERC.CRUZEIRO LTDA,MERC.CRUZEIRO LTDA,"ESTRADA BARRA GRANDE , KM 08",,BARRA GRANDE,POCO FUNDO,MG,15;30;64;99,-21.780834,-45.965,cidade
17527,JOSE CARLOS DA SILVA,JOSE CARLOS DA SILVA,"ESTRADA BARRA GRANDE, KM 10",,BARRA GRANDE,POCO FUNDO,MG,15;30;64;99,-21.780834,-45.965,cidade
17544,BENTO EUGENIO DE OLIVEIRA & CIA LTDA,DROG.STA MARIA,PRACA DOUTOR EMILIO DA SILVEIRA,356,CENTRO,ALFENAS,MG,25;41;87;160,-21.4297405,-45.9479419,cidade
17549,SOUZA & AMARAL LTDA.,PADARIA NOSSA SENHORA ROSARIO,RUA JUSCELINO BARBOSA,1557,CENTRO,ALFENAS,MG,25;41;87;160,-21.4264414,-45.9469673,rua
17552,ERNANI TAVARES LEAL & CIA LTDA,ERNANI TAVARES LEAL & CIA LTDA,PCA BELO HORIZONTE,77,DIST. DOURADINHO,MACHADO,MG,15;30;64;99,-21.6762861,-45.9211696,cidade
17553,LUIZ CARLOS ALVES ME,SM.ALVES,R.MARTIMIANO PRADO FILHO,146,JD VERA CRUZ,GUAXUPE,MG,10;42;86;172,-21.3087615,-46.7190609,cidade
17561,RENATO PINHEIRO,RENATO PINHEIRO,ROD.B.ESPERANCA/ILICINEA,40,JD.NOVA ESPERANCA,BOA ESPERANCA,MG,23;46;63;177,-21.029634,-45.7749538,rua
17566,ADRIANO SILVERIO FERREIRA,ADRIANO SILVERIO FERREIRA,R.MAJOR JOSE IZALINO,11,CENTRO,BAEPENDI,MG,55;58;93,-21.9575733,-44.8891463,cidade
17579,RODOSNACK O.LANCH.E RESTAURANTE LT,RODOSNACK O.LANCH.E RESTAURANT,"ROD BR 381 KM 601,1",S/N,ZONA RURAL,OLIVEIRA,MG,73;74,-20.6971953,-44.8273969,cidade
17589,VAGNER SERAFIM DIAS ME,VAGNER SERAFIM DIAS ME,R.FRANCISCO DE BARROS,11,STA TEREZINHA,PASSA QUATRO,MG,55;58;93,-22.3893803,-44.9666039,cidade
17593,ROSEANE PEREIRA PENHA,ROSEANE PEREIRA PENHA,R.ANTONIO SANDY,S/N,BELA VISTA,TRES CORACOES,MG,26;38;70;162,-21.6893019,-45.2454478,rua
17594,SUPERMERCADO SOUZA REIS LTDA,SM.REIS,RUA FRANCISCO PINTO DE SOUZA,235,CENTRO,SAO THOME DAS LETRAS,MG,26;38;70;123;162,-21.720913,-44.9856302,rua
17611,MARILY NUBIA DOMINGUES DOS SANTOS CARVALHO - ME,MARILY NUBIA DOMINGUES DOS SAN,PRACA DOM OTAVIO,179,CENTRO,TURVOLANDIA,MG,15;30;64;99,-21.8757236,-45.7877819,rua
17623,HELIO DIAS ME,HELIO DIAS ME,R.CORONEL BRITO FILHO,227,FATIMA,POUSO ALEGRE,MG,29;67;157;159,-22.2237137,-45.9190659,rua
17628,CELIO DE SOUZA ROQUE ME,MERC.FRANGO,R.ALFENAS,568,ROSARIO,AREADO,MG,3;37;100;161,-21.3616855,-46.1403071,rua
17646,ANA MARIA DA SILVA MONTEIRO ME,ANA MARIA DA SILVA MONTEIRO ME,AV FERNANDO PETRONILHO,17,CENTRO,POUSO ALTO,MG,55;58;93,-22.1959453,-44.9732731,rua
17661,MARE MANSA LTDA,MARE MANSA LTDA,AV. PADRE LORENCO DA COSTA MOREIRA,2915,N.S.FATIMA,ITAJUBA,MG,88;92;94;155,-22.4238234,-45.4524156,cidade
17664,MERCEARIA E QUITANDA DO WAGNER LTDA,QUITANDA DO PRODUTOR,TRAVESSA N.SENHORA DOS REMEDIOS,63,CENTRO,CAXAMBU,MG,55;58;93,-21.9755872,-44.9311403,cidade
17668,MAURO LUCIO RIBEIRO & CIA LTDA,MAURO LUCIO RIBEIRO & CIA LTDA,AVE VINTE E UM DE NOVEMBRO,29,VILA RUBENS,ITAJUBA,MG,32;52;72;156,-22.4238234,-45.4524156,cidade
17670,COML.DE FRIOS QUINE LTDA,COML.DE FRIOS QUINE LTDA,R BARTOLO BOLOGNANI,225,CATA,OURO FINO,MG,2;27;53;97,-22.283056,-46.369167,cidade
17681,EUZEBIO DONIZETTI DE OLIVEIRA,MERCADINHO PONTO CERTO,TV ANTONIO EUGENIO DA FONSECA,75,CACHOEIRINHA,CONCEICAO DOS OUROS,MG,14;36;62;80,-22.4124143,-45.797067,cidade
17682,RODRIGUES & RODRIGUES SUPERMERCADOS LTDA,SM.CENTRAL,PRACA SANTANA,12,CENTRO,SILVIANOPOLIS,MG,29;40;54;81;159;192;902,-22.0296581,-45.8363592,rua
17691,MARIA LUCIA GROSSI LABEGALINI ME,MARIA LUCIA GROSSI LABEGALINI,AV.BRASILIA,39,PQ DAS NACOES,JACUTINGA,MG,2;27;53;97,-22.3016782,-46.6105061,rua
17695,NIEVERSON ANTONIO SOUTO,NIEVERSON ANTONIO SOUTO LOJA 1,RUA RAIMUNDA MARQUES GUIMARAES,555,JARDIM GLORIA,LAVRAS,MG,129,-21.2412073,-45.0083579,rua
17702,COM. DE ALIMENTOS SUPER SAO FRANCISCO LTDA,COM. DE ALIMENTOS SUPER SAO FR,R. COIMBRAS,522,COIMBRAS,PASSOS,MG,12;22;45;65,-20.7008136,-46.6159796,rua
17707,ORGANIZACAO REAL LTDA LOJA CD,ORGANIZACAO REAL LTDA LOJA CD,R. AEROPORTO,185,AEROCLUBE,CAMPO BELO,MG,23;46;63;177;904,-20.8668764,-45.2872841,rua
17713,CEBEVIL CEREALISTA BELA VISTA LTDA,CEBEVIL CEREALISTA BELA VISTA,R.SEVERO VELOSO,1707,BELA VISTA,PIUMHI,MG,13;57;166,-20.4588829,-45.9555188,rua
17715,MARIA JOSE OPUSCULO ESPERANCA,SM.STA RITA,R.ROMILDA CAMPANHARI,269,CENTRO,ALBERTINA,MG,2;27;53;97,-22.2014124,-46.6187772,rua
17717,OPCAO BEBIDAS DISTRIBUIDORA LTDA,OPCAO BEBIDAS DISTRIBUIDORA,RUA TEREZA HOSTALACIO,815,CENTRO,PIUMHI,MG,13;57;166;911,-20.4675258,-45.9576125,cidade
17727,ELAINE CRISTINA DE JESUS BRITO ME,SM.PAIS E FILHOS,R.DOMINGOS VIEIRA DE LIMA,629,CENTRO,SANTANA DA VARGEM,MG,35;47;69;95,-21.2517499,-45.5054921,rua
17736,LAMOUNIER E RODRIGUES SUPERMERCADO LTDA,SM.ITA,RUA DOUTOR LEOPOLDO CORREIA,138,NOSSA SENHORA DAS GRACAS,ITAPECERICA,MG,73;74,-20.472778,-45.125556,cidade
17752,COMERCIAL DA ROCHA LTDA ME,MERC DO CARLINHOS,RUA NOSSA SENHORA DA CONCEICAO,501,POV DE CORUMBA,CLAUDIO,MG,73;74,-20.4038935,-44.6881968,rua
17763,ACHEI FARMA 2 REDE DE DROGARIAS LTDA,ACHEI FARMA,R DOS GUARANIS,450,NOSSA SENHORA APARECIDA,PASSOS,MG,12;22;45;65,-20.7448222,-46.6061894,rua
17769,ALEX SANDRO DIAS COSTA,ALEX SANDRO DIAS COSTA,R.DR.RIBEIRO DA LUZ,1076,CENTRO,SAO LOURENCO,MG,39;43;82,-22.1164998,-45.0518022,rua
17790,MERCEARIA BOM SUCESSO E NUNES LTDA ME,MERCEARIA BOM SUCESSO E NUNES,AV.PREF. JOSE WANDERLEY LARA,520,N.S.APARECIDA,BOM SUCESSO,MG,20;66;71;178,-21.0323516,-44.7598082,cidade
17796,ROSANGELA MARIA VALERIANO VENERANDO,ROSANGELA MARIA V VENERANDO ME,A.V BELO HORIZONTE,09,JARDIM ELDORADO,MONTE BELO,MG,110;112;113,-19.8154802,-43.8901503,rua
17806,GIOVANI CAMPIONI GARCIA,GIOVANI CAMPIONI GARCIA,R.ANTONIO PAULINO (MERC.MUNIC.BOX 27/29),770,CENTRO,SANTA RITA DO SAPUCAI,MG,14;36;62;80,-22.2486968,-45.7064507,cidade
17829,DROGARIA DOCTOR MINAS MASTER LTDA,DROGARIA MINAS MASTER,RUA SANTA CRUZ,686,CENTRO,VARGINHA,MG,50;60;84;101,-21.5509274,-45.441298,rua
17850,MOACYR EXPRESS COMERCIO LTDA,MOACYR EXPRESS COMERCIO LTDA,R. NOSSA SENHORA DAJUDA,425,CENTRO,TRES PONTAS,MG,35;47;69;95;124,-21.3686224,-45.5122937,cidade
17855,PAULO JOSE REIS CORREIA,COM.REIS,R.JOSE DE OLIVEIRA LOPES,181,SAO JOSE,PEDRALVA,MG,32;52;72;156,-22.2493171,-45.4656161,rua
17865,ANTONIO CARLOS GARCIA,M.MERC.GARCIA,ROD.GOVERNADOR J.K.DE OLIVEIRA,1229,CENTRO,IPUIUNA,MG,89;90;107;109,-22.0993203,-46.1896557,cidade
17867,MARCOS VALERIO DIAS,MARCOS VALERIO DIAS,AV.DR.ANTONIO BRAGA FILHO,687,VARGINHA,ITAJUBA,MG,32;183,-22.429292,-45.4484795,rua
17884,FRANCISCO MARQUES COSTA JUNIOR,FRANCISCO MARQUES COSTA JUNIOR,R SAO PAULO,441,BELA VISTA,PASSOS,MG,12;22;45;65,-20.7195959,-46.5997096,rua
17885,MERCEARIA BELA VISTA LTDA,MERCEARIA BELA VISTA LTDA,AV.PEDRO NICOLA,2508,JD.BELA VISTA,GUAXUPE,MG,10;42;86;172,-21.2896079,-46.7192711,rua
17906,MERCADO AGUIAR EIRELI,MAURA GOMES DE AGUIAR,R.JOAQUIM EVARISTO MOTA,35,DIST.STA BARBARA,PIRANGUINHO,MG,88;92;94;155,-22.362977,-45.5565273,rua
17927,RONNIE VON SOARES PEREIRA MERCEARIA - ME,RONNIE VON SOARES PEREIRA MERC,AVENIDA PREFEITO NILZO DE FARIA,173,BARRO BRANCO,SAO ROQUE DE MINAS,MG,13;57;166,-20.245277,-46.365833,cidade
17933,JOSE TADEU DE SOUZA ME,JOSE TADEU DE SOUZA ME,R.JOAO PAULO II,70,CENTRO,BOM REPOUSO,MG,51;56;98;116;923,-22.4646284,-46.1509331,rua
17934,CLAUDIVAN AGOSTINHO MENDES,CLAUDIVAN AGOSTINHO MENDES,R.MARIA ADELAIDE MENDONCA,487,REBOURGEON,ITAJUBA,MG,32;52;72;156,-22.4238234,-45.4524156,cidade
17936,MAURO LINEU DE PAULA,PASTELARIA DO MAURO,R.MAJOR PANTALEAO,107,CENTRO,ANDRADAS,MG,96;106;135,-22.0759917,-46.5765921,rua
17938,MINIMERCADO 2 S LTDA,MINIMERCADO 2 S LTDA,AV.ZEZE AMARAL,665,JOSE O.BRANDAO,SAO SEBASTIAO DO PARAISO,MG,7;8;79;168,-20.9059537,-46.9855841,rua
17947,PINHEIRO SUPERMERCADO LTDA,PINHEIRO SUPERMERCADO LTDA,RUA XV DE NOVEMBRO,675,JARDIM PRIMAVERA,ILICINEA,MG,3;37;100;161,-20.9390196,-45.8263558,cidade
17959,JOSE FRANCISCO DE SOUZA ME,JOSE FRANCISCO DE SOUZA ME,AV.ARTUR RIBEIRO GUIMARAES,464,JD.AMERICA,POUSO ALEGRE,MG,61;81;157;167,-22.2293306,-45.9448787,rua
17965,RONALDO RIBEIRO DOS SANTOS,RONALDO RIBEIRO DOS SANTOS,RUA JOAO GONCALVES DA FONSECA,553,CENTRO,VIRGINIA,MG,55;58;93,-22.333333,-45.091666,cidade
17988,MINI BOX NOVO TEMPO LTDA ME,MINI BOX NOVO TEMPO LTDA ME,PCA.NAGIB MOHALLEM,8,CENTRO,CONCEICAO DO RIO VERDE,MG,17;34;91,-21.881078,-45.0868526,cidade
17990,DROGARIA DE PAULA EIRELI,CARDOSO DROGARIA E PERFUMARIA,AV.PREF.OLAVO GOMES DE OLIVEIRA,1794,ARISTEU COSTA RIOS,POUSO ALEGRE,MG,184,-22.2343858,-45.9327241,cidade
17993,SUPERMERCADO MORAIS LTDA,ADEMIR FERNANDES DE MORAES,R.FRANCISCO SILVERIO DE ALMEIDA,168,SAO LUIZ,CAMPO BELO,MG,23;46;63;177,-20.8975,-45.277223,cidade
17994,PANIF.TRIGOBELO LTDA ME,PANIF.TRIGOBELO LTDA ME,R. CATAGUASES,161,SAO LUIZ,CAMPO BELO,MG,23;46;63;177,-20.8883916,-45.2847932,rua
18007,HIPER VERDURAO LTDA,JOAO BATISTA DE CARVALHO ME,RUA PROFESSOR AZARIAS RIBEIRO,58,CENTRO,LAVRAS,MG,129,-21.2472389,-45.0008242,rua
18015,MARIA ELENICE DE LIMA SILVEIRA,MERC.2IRMAS,R.POETA JOAO CARNEIRO REZENDE,257,CENTRO,PEDRALVA,MG,32;52;72;156,-22.2470804,-45.4668552,rua
18016,SM.PIERROTTI LTDA,REDE VALOR,R. DR.BRANDAO,260,CENTRO,CAMPANHA,MG,26;38;70;123;162,-21.8342964,-45.3996157,rua
18025,MERCADINHO GUIMARAES & LUZ LTDA ME,MERCADINHO GUIMARAES & LUZ LTD,R.FEDERICO RIGOTTI,411,CENTRO,SAO SEBASTIAO DO RIO VERDE,MG,55;58;93,-22.2174751,-44.9783312,cidade
18047,CASA DE CARNES MERC.IRMAOS BELLOTO LTDA ME,CASA DE CARNES MERC.IRMAOS BEL,RUA BENEDITO FELISBERTO DOS REIS,254,JD.PRIMAVERA,ANDRADAS,MG,96;106;135,-22.0608576,-46.5690861,rua
18062,JOAO PAULO RIBEIRO,JOAO PAULO RIBEIRO,R.COMENDADOR JOAO CARNEIRO,121,CENTRO,CRISTINA,MG,88;92;94;155,-22.2166502,-45.2665147,rua
18084,MERCADINHO TRES CORACOES LTDA,MERCADINHO TRES CORACOES LTDA,R. TRES CORACOES,1190,SAO JOAO,POUSO ALEGRE,MG,61;81;157;167;192,-22.2404492,-45.967431,rua
18099,RAIMUNDO CERICO SILVA,RAIMUNDO CERICO SILVA,R.CUIABA,92,CENTRO,SAO JOAO BATISTA DO GLORIA,MG,12;22;45;65,-20.6375755,-46.5071323,rua
18115,JOAO QUINTILIANO FERREIRA NETO,JOAO QUINTINO F NETO,RUA BLUMENAL,30,SAO JOSE,SAO GONCALO DO SAPUCAI,MG,29;67;157;167,-21.8905238,-45.5935943,cidade
18149,REST.SAO LOURENCO LTDA ME,REST.KI BELEZA,AV.DOM PEDRO II,643,CENTRO,SAO LOURENCO,MG,39;43;85,-22.1162904,-45.057138,rua
18160,JOSE DE OLIVEIRA SILVA,PAD/MERC,R.CAP.MOR TOME RODRIGUES,514,CENTRO,BAEPENDI,MG,55;58;93,-21.9547951,-44.8878451,rua
18165,DOCERIA CARA MELADA LTDA,CARAMELADA,AVE CORONEL ALFREDO CUSTODIO DE PAULA,110,CENTRO,POUSO ALEGRE,MG,184,-22.2343858,-45.9327241,cidade
18167,MARLENE MARIA MIGUEL REIS,MARLENE MARIA MIGUEL REIS,R.EMILIA BATISTA LOPES,281,VILA  AGRENY,PIUMHI,MG,13;57;166,-20.4607111,-45.9622546,rua
18218,ELISANGELA LAGO RIBEIRO MORAIS,SM.ELIS MART,RUA JOAO TEIXEIRA MENDES,205,NOSSA SENHORA APARECIDA,PASSOS,MG,12;22;45;65,-20.7500021,-46.6068254,rua
18223,ONOFRE RIBEIRO DE CARVALHO ME,POSTO NETINHO,R.DR.BERNARDINO VIEIRA,376,CENTRO,CONCEICAO DA APARECIDA,MG,3;37;100;161,-21.0948102,-46.2017389,rua
18266,VANTUIL LUCIANO DE MACEDO,M.MERC.MACEDO,RUA DA FLORESTA,880,CRUZEIRO,ITAJUBA,MG,183,-22.4167398,-45.4436918,rua
18270,AGNALDO BENEDITO RIBEIRO,AGNALDO BENEDITO RIBEIRO,R.DA FLORESTA,33,CRUZEIRO,ITAJUBA,MG,88;92;94;155,-22.4164538,-45.4412579,rua
18278,SERGIO EUSTAQUIO LEMES,SERGIO EUSTAQUIO LEMES,R.JOSE GOMES BUSTAMANTE,59,MORRO CHIC,ITAJUBA,MG,88;92;94;155,-22.4188228,-45.4606847,rua
18282,JOAO BATISTA DE OLIVEIRA,JOAO BATISTA DE OLIVEIRA,R. 7 DE SETEMBRO,120,CENTRO,BRASOPOLIS,MG,14;36;62;80,-22.4742842,-45.6165577,cidade
18297,ZHU ZONGLIANG,LANCH.SOB NOVA DIRECAO,PC.DR.PEREIRA DOS SANTOS,03,CENTRO,ITAJUBA,MG,92;94;155;183,-22.4251391,-45.4587774,rua
18314,SIMONE VALQUIRIA PEREIRA,SUPERMERCADO MASSELLI,RUA VINTE,20,ACUDE,ITAJUBA,MG,88,-22.4287005,-45.4984543,rua
18318,WILSON L.B DA SILVA E CIA LTDA,COM.BARRETO,R.LUIZ FRANCISCO MAFRA,421,CENTRO,SAO SEBASTIAO DO PARAISO,MG,7;8;79;168,-20.9124331,-46.9823296,cidade
18324,RESTAURANTE MARQUES LTDA,BAR E RESTAURANTE SANDRELE,RODOVIA BR 381,SN,ZONA RURAL,LAVRAS,MG,129;904,-21.3038032,-45.1552797,rua
18328,JOSE VANDERLEI PEREIRA ME,JOSE VANDERLEI PEREIRA ME,AV.SILVESTRE A.JUNQUEIRA FERRAZ,1415,BOA VISTA,ITAJUBA,MG,32;52;72;156,-22.4238234,-45.4524156,cidade
18331,MERCADINHO NF LTDA,JOAO BENEDITO PEREIRA DE CASTR,AV PEDRO ANTONIO DOS REIS,51,BELA VISTA,BRASOPOLIS,MG,14;36;62;80,-22.4796679,-45.6202599,rua
18355,ROBSON ROBERTO DE LIMA,MINIMERCADO CANAAN,R.ANTONIO MACHADO FLORENCE,839,PARQUE CORONEL RENNO,JACUTINGA,MG,2;27;53;97,-22.2798229,-46.6025653,rua
18366,SUPERMERCADO PAIS & FILHOS LTDA ME,SM.DO GATO,R.GOVERNADOR VALADARES,380,CENTRO,SAPUCAI MIRIM,MG,88;92;94;155,-22.7510207,-45.7436569,rua
18378,PADARIA E LANCHONETE SAO LAZARO,PADARIA E LANCHONETE SAO LAZAR,AV.MARIQUINHA AMARELI,152,MARCILANDIA,NEPOMUCENO,MG,20;66;71;178,-21.232744,-45.2352276,cidade
18391,REGINA SILVA DOS SANTOS,REGINA SILVA DOS SANTOS,R. MANOEL JOSE LEMOS,276,PASSARO DA ILHA II,SANTA CRUZ DO PRATA,MG,10;42;86;172,-21.197,-46.7813571,cidade
18392,MARCOS JOEL CORREIA,MARCOS JOEL CORREIA,R.NICANOR MENDONCA,161,N.S.APARECIDA,BOM JESUS DA PENHA,MG,10;42;86;172,-21.0194324,-46.517637,rua
18397,ETHEL MOSCARDINI E CIA LTDA,ETHEL MOSCARDINI E CIA LTDA,AVENIDA JOAO JULIO DE FARIA,151,CENTRO,BOA ESPERANCA,MG,23;46;63;177,-21.094378,-45.5590433,rua
18399,MARIA AUXILIADORA BARBOSA SILVA,MARIA AUXILIADORA BARBOSA SILV,RUA HERCULANO COBRA,978,CENTRO,BORDA DA MATA,MG,107;109;941,-22.2767568,-46.163885,rua
18400,BENEDITO CARLOS RIBEIRO,C.CARNE S.FRANCISCO,R. ANTONIO SCODELER,1035,FAISQUEIRA,POUSO ALEGRE,MG,29;40;67;159,-22.2343858,-45.9327241,cidade
18408,SUPERMERCADO AFONSOFT,SUPERMERCADO AFONSOFT,R.ALVES CORREA,218,CENTRO,CONCEICAO DOS OUROS,MG,14;36;62;80,-22.414618,-45.7971652,rua
18431,SUPERMERCADO SUPER KIKO LTDA,SUPERMERCADO SUPER KIKO LTDA,PC.CLAUDIO MANOEL,6,CENTRO,TRES PONTAS,MG,35;47;69;95,-21.3686224,-45.5122937,cidade
18432,SUPERMERCADO LISBOA LTDA ME,SUPERMERCADO LISBOA LTDA ME,R.RECIFE,43,CENTRO,SAO JOAO BATISTA DO GLORIA,MG,12;22;45;65,-20.6324266,-46.5072187,rua
18451,ACHEI FARMA REDE DE DROGARIAS LTD,DROGA FORT LTDA,AV.J.K,322,COLEGIO D.PASSOS,PASSOS,MG,12;22;45;65,-20.7167803,-46.6156864,cidade
18465,RECHE & RECHE LTDA ME,RECHE & RECHE LTDA ME,R. ASSIS FIGUEIREDO,1851,CENTRO,POCOS DE CALDAS,MG,4;5;75;171,-21.7856824,-46.5658061,rua
18483,CESAR DE CASTRO  ME,CESAR DE CASTRO  ME,RUA JOAQUIM DOS SANTOS,1127,TRANCADOR,CAXAMBU,MG,58;85,-21.9724473,-44.9387782,rua
18488,GONCALVES SUPERMERCADOS LTDA - ME,SM.GONCALVES,RUA DO CONTORNO,251,CRUZEIRO,ALTEROSA,MG,3;37;100;126;161,-21.2606408,-46.1432023,rua
18501,DROGARIA STA TEREZINHA LTDA,ALESSANDRA MARTINS DOS REIS VE,AVENIDA CORONEL FRANCISCO BRAZ,4,CENTRO,BRASOPOLIS,MG,14;36;62;80,-22.4770261,-45.6157269,rua
18504,BAR E MERCEARIA SOUZA & CARVALHO LTDA ME,BAR E MERCEARIA SOUZA & CARVAL,R.JOAO BATISTA NEVES,340,CENTRO,SAO THOME DAS LETRAS,MG,26;38;70;162,-21.7222014,-44.9833263,rua
18506,CHURRASCARIA E BISTECAO GAUCHO III LTDA,CHURRASCARIA E BISTECAO GAUCHO,BR 267 KM 300 RODOVIA,S/N,SANTA RITA,CAXAMBU,MG,85;93,-21.9755872,-44.9311403,cidade
18511,MERCADO DO ZEZIN LTDA,SUPERMERCADO ZEZIIN,PC.DR.LAFAIETE SOARES,102,CENTRO,DELFINOPOLIS,MG,118;173;174;175,-20.344749,-46.8546425,cidade
